frame,car,motorcycle,bus,truck
1,2,1,0,0
2,3,0,0,1
3,2,0,0,1
4,2,0,0,1
5,2,0,0,1
6,2,0,0,1
7,2,0,0,0
8,2,0,0,1
9,2,0,0,1
10,2,0,0,1
11,2,0,0,1
12,2,0,0,1
13,2,0,0,1
14,3,0,0,1
15,3,0,0,1
16,2,0,0,1
17,2,0,0,1
18,2,0,0,1
19,2,1,0,0
20,1,0,0,0
21,2,0,0,1
22,1,0,0,0
23,2,0,0,0
24,1,1,0,0
25,3,0,0,0
26,2,1,0,0
27,3,0,0,1
28,3,0,0,1
29,3,0,0,0
30,2,0,0,1
31,3,0,0,1
32,2,1,0,0
33,1,1,0,0
34,3,1,0,0
35,2,0,0,1
36,1,0,0,1
37,1,1,0,0
38,2,1,0,0
39,1,1,0,0
40,2,2,0,0
41,2,1,0,0
42,1,1,0,0
43,1,3,0,0
44,2,1,0,0
45,1,1,0,1
46,1,2,0,0
47,0,1,0,0
48,1,2,0,0
49,0,3,0,0
50,0,2,0,0
51,0,3,0,0
52,0,3,0,0
53,0,2,0,1
54,0,2,0,0
55,0,2,0,0
56,0,3,0,0
57,0,1,0,1
58,0,2,0,0
59,0,2,0,0
60,0,3,0,1
61,0,3,0,0
62,0,3,0,0
63,1,3,0,0
64,0,3,0,1
65,0,3,0,1
66,1,4,0,0
67,0,4,0,0
68,0,4,0,1
69,1,3,0,0
70,0,2,0,0
71,1,2,0,0
72,1,3,0,0
73,1,2,0,0
74,0,2,0,1
75,0,3,0,1
76,0,3,0,1
77,1,3,0,0
78,0,3,0,1
79,0,3,0,0
80,0,4,0,0
81,0,4,0,0
82,0,2,0,0
83,0,4,0,0
84,0,4,0,0
85,0,3,0,0
86,1,3,0,0
87,0,3,0,0
88,1,3,0,1
89,1,3,0,0
90,1,1,0,0
91,1,1,0,0
92,1,2,0,0
93,1,3,0,0
94,1,2,0,0
95,2,1,0,0
96,1,3,0,0
97,1,2,0,0
98,1,3,0,0
99,1,3,0,0
100,2,1,0,1
101,2,2,0,1
102,3,3,0,1
103,2,1,0,0
104,2,2,0,1
105,3,2,0,2
106,2,1,0,2
107,2,1,0,1
108,3,1,0,1
109,3,1,0,0
110,3,2,0,0
111,2,1,0,1
112,4,2,0,0
113,4,0,0,1
114,4,1,0,1
115,2,2,0,1
116,3,3,0,0
117,3,1,0,1
118,3,1,0,0
119,2,1,0,1
120,2,2,0,1
121,2,2,0,1
122,2,2,0,1
123,2,1,0,1
124,2,2,0,1
125,2,2,0,2
126,2,3,0,1
127,2,2,0,1
128,3,1,0,1
129,2,2,0,1
130,3,2,0,1
131,1,2,0,1
132,2,2,0,1
133,2,2,0,1
134,2,3,0,1
135,1,3,0,1
136,1,2,0,1
137,1,3,0,1
138,1,2,0,1
139,1,2,0,1
140,1,4,0,1
141,1,2,0,1
142,2,1,0,2
143,2,1,0,1
144,2,2,0,2
145,2,1,0,2
146,3,1,0,2
147,2,1,0,1
148,2,1,0,2
149,1,1,0,1
150,1,1,0,1
151,1,1,0,1
152,1,1,0,1
153,1,1,0,1
154,1,1,0,1
155,1,1,0,1
156,1,1,0,1
157,1,1,0,1
158,3,1,0,1
159,2,2,0,1
160,1,1,0,1
161,1,1,0,1
162,2,1,0,1
163,4,1,0,1
164,3,1,0,1
165,4,1,0,1
166,4,1,0,1
167,3,1,0,1
168,3,1,0,1
169,3,1,0,1
170,3,1,0,1
171,2,2,0,1
172,2,2,0,1
173,2,1,0,1
174,4,1,0,2
175,2,2,0,1
176,2,2,0,1
177,1,2,0,1
178,2,1,0,1
179,2,1,0,1
180,1,1,0,1
181,1,0,0,1
182,2,0,0,1
183,1,0,0,1
184,3,0,0,1
185,3,0,0,1
186,3,0,0,1
187,2,0,0,1
188,3,0,0,1
189,3,0,0,1
190,3,0,0,1
191,2,0,0,1
192,2,0,0,1
193,4,0,0,1
194,2,0,0,1
195,2,0,0,1
196,3,0,0,2
197,2,0,0,1
198,2,0,0,1
199,2,0,0,1
200,3,0,0,1
201,1,0,0,0
202,2,0,0,1
203,2,0,0,1
204,2,0,0,1
205,2,0,0,1
206,2,0,0,1
207,2,0,0,1
208,2,0,0,1
209,2,0,0,1
210,4,0,0,1
211,3,0,0,1
212,3,0,0,1
213,2,0,0,1
214,2,0,0,1
215,1,0,0,1
216,2,1,0,0
217,2,1,0,1
218,3,1,0,2
219,2,1,0,2
220,1,0,0,2
221,1,0,0,2
222,1,0,0,0
223,1,0,0,1
224,1,0,0,1
225,2,0,0,0
226,1,0,0,0
227,2,0,0,0
228,1,0,0,1
229,1,0,0,0
230,1,0,0,1
231,1,0,0,0
232,1,0,0,0
233,1,0,0,1
234,1,0,0,1
235,1,0,0,0
236,1,0,0,1
237,1,0,0,1
238,1,0,0,1
239,1,0,0,1
240,3,0,0,0
241,3,0,0,1
242,1,0,0,1
243,1,0,0,1
244,2,0,0,1
245,1,0,0,1
246,1,0,0,1
247,2,0,0,1
248,1,0,0,1
249,2,1,0,0
250,1,0,0,1
251,1,0,0,1
252,1,1,0,0
253,1,1,0,0
254,1,1,0,1
255,1,0,0,1
256,1,0,0,1
257,1,0,0,1
258,1,1,0,1
259,1,1,0,1
260,1,1,0,1
261,1,1,0,1
262,1,1,0,1
263,1,1,0,1
264,1,1,0,1
265,2,2,0,1
266,1,2,0,2
267,2,0,0,2
268,3,0,0,1
269,3,1,0,1
270,3,1,0,1
271,2,0,0,1
272,2,1,0,0
273,3,0,0,1
274,2,0,0,1
275,2,0,0,1
276,1,1,0,0
277,1,2,0,0
278,1,0,0,0
279,1,1,0,0
280,2,0,0,0
281,2,1,0,0
282,2,2,0,0
283,1,2,0,0
284,2,1,0,0
285,2,1,0,0
286,1,1,0,0
287,1,1,0,0
288,1,1,0,0
289,1,1,0,0
290,1,2,0,0
291,2,3,0,0
292,1,2,0,0
293,1,3,0,0
294,1,2,0,0
295,1,2,0,0
296,2,2,0,0
297,1,2,0,0
298,1,1,0,0
299,1,1,0,0
300,1,2,0,0
301,1,3,0,0
302,1,2,0,0
303,1,3,0,0
304,1,3,0,0
305,1,2,0,0
306,1,2,0,0
307,1,2,0,0
308,1,2,0,1
309,1,2,0,1
310,1,2,0,0
311,1,2,0,0
312,1,2,0,1
313,1,2,0,0
314,1,2,0,0
315,1,3,0,0
316,1,3,0,0
317,1,3,0,0
318,1,3,0,0
319,1,2,0,0
320,1,2,0,1
321,1,2,0,0
322,1,3,0,0
323,0,3,0,0
324,0,3,0,0
325,1,2,0,0
326,0,2,0,0
327,0,2,0,0
328,1,3,0,0
329,1,2,0,0
330,0,3,0,0
331,1,3,0,0
332,2,2,0,1
333,1,3,0,0
334,1,2,0,0
335,0,2,0,0
336,0,2,0,0
337,1,2,0,0
338,1,2,0,0
339,1,2,0,0
340,1,2,0,2
341,0,2,0,0
342,1,2,0,1
343,0,2,0,1
344,0,2,0,0
345,1,2,0,1
346,0,2,0,1
347,0,2,0,1
348,0,1,0,1
349,1,1,0,1
350,0,1,0,1
351,1,1,0,2
352,1,1,0,1
353,1,1,0,2
354,0,1,0,1
355,1,1,0,0
356,0,1,0,2
357,0,1,0,2
358,0,1,0,2
359,0,1,0,1
360,0,1,0,1
361,1,1,0,1
362,3,1,0,0
363,0,1,0,1
364,1,1,0,1
365,0,1,0,1
366,1,1,0,1
367,1,0,0,2
368,1,0,0,1
369,4,0,0,0
370,1,0,0,0
371,3,0,0,0
372,2,0,0,0
373,2,0,0,0
374,0,0,0,0
375,2,0,0,0
376,3,0,0,0
377,4,0,0,0
378,4,0,0,0
379,3,1,0,0
380,3,0,0,0
381,2,0,0,2
382,3,1,0,2
383,2,1,0,0
384,5,0,0,1
385,4,1,0,0
386,4,0,0,0
387,4,0,0,1
388,5,1,0,1
389,2,0,0,0
390,3,1,0,0
391,2,2,0,0
392,2,2,0,1
393,0,2,0,0
394,0,1,0,0
395,1,1,0,1
396,2,1,0,0
397,1,2,0,0
398,1,0,0,0
399,1,1,0,0
400,1,0,0,0
401,3,0,0,0
402,1,0,0,0
403,1,1,0,0
404,2,2,0,0
405,2,1,0,0
406,1,0,0,0
407,2,0,0,0
408,3,1,0,0
409,1,0,0,0
410,1,0,0,0
411,0,0,0,0
412,0,0,0,1
413,1,0,0,0
414,2,0,0,0
415,2,0,0,1
416,2,0,0,1
417,1,0,0,1
418,1,0,0,1
419,2,0,0,1
420,1,0,0,1
421,1,0,0,1
422,3,1,0,1
423,1,1,0,1
424,4,1,0,1
425,2,1,0,1
426,1,0,0,1
427,1,1,0,2
428,1,0,0,1
429,1,1,0,1
430,0,0,0,1
431,2,1,0,1
432,2,1,0,1
433,0,2,0,2
434,0,1,0,2
435,2,1,0,2
436,2,1,0,2
437,2,1,0,2
438,1,1,0,1
439,1,1,0,1
440,1,1,0,1
441,0,1,0,1
442,1,1,0,1
443,1,1,0,1
444,1,1,0,1
445,2,1,0,1
446,2,1,0,1
447,3,1,0,1
448,2,1,0,1
449,2,0,0,1
450,1,1,0,2
451,2,1,0,2
452,2,1,0,2
453,2,1,0,2
454,1,1,0,2
455,2,1,0,2
456,2,1,0,2
457,2,1,0,2
458,2,1,0,2
459,2,1,0,3
460,3,3,0,3
461,3,1,0,2
462,3,1,0,4
463,3,1,0,3
464,3,1,0,3
465,2,0,0,3
466,3,1,0,3
467,1,1,0,2
468,3,1,0,3
469,1,1,0,2
470,2,1,0,3
471,1,1,0,3
472,2,1,0,3
473,1,1,0,2
474,2,1,0,1
475,3,1,0,2
476,2,1,0,2
477,2,1,0,3
478,3,1,0,2
479,2,1,0,1
480,2,1,0,2
481,1,1,0,2
482,1,1,0,4
483,1,1,0,2
484,1,1,0,2
485,3,1,0,1
486,1,1,0,1
487,1,1,0,1
488,2,2,0,2
489,1,1,0,1
490,1,1,0,1
491,2,1,0,1
492,1,1,0,1
493,1,1,0,1
494,1,1,0,1
495,2,1,0,1
496,2,1,0,1
497,1,2,0,1
498,2,1,0,1
499,1,1,0,1
500,2,1,0,1
501,3,1,0,1
502,3,0,0,2
503,3,1,0,2
504,4,1,0,3
505,2,1,0,2
506,3,1,0,3
507,3,1,0,3
508,3,1,0,3
509,3,1,0,3
510,2,1,0,3
511,2,1,0,2
512,1,1,0,1
513,2,1,0,2
514,2,1,0,2
515,1,1,0,1
516,1,1,0,1
517,2,1,0,2
518,2,1,0,1
519,2,1,0,1
520,3,1,0,1
521,2,1,0,1
522,2,2,0,3
523,3,1,0,1
524,3,1,0,1
525,4,1,0,1
526,2,1,0,1
527,3,1,0,1
528,4,1,0,2
529,2,1,0,2
530,2,1,0,2
531,1,1,0,5
532,2,1,0,2
533,1,1,0,3
534,2,0,0,3
535,2,0,0,3
536,2,0,0,3
537,3,0,0,2
538,4,0,0,3
539,2,0,0,2
540,3,0,0,2
541,2,0,0,2
542,2,0,0,3
543,2,0,0,5
544,2,0,0,3
545,1,0,0,4
546,1,0,0,3
547,2,0,0,3
548,2,0,0,2
549,3,0,0,2
550,2,0,0,2
551,2,0,1,2
552,1,0,0,3
553,2,0,0,4
554,2,1,0,3
555,2,0,1,2
556,2,0,0,3
557,2,0,2,1
558,2,0,2,2
559,1,0,1,1
560,2,0,1,2
561,2,0,1,1
562,2,0,2,1
563,2,0,2,1
564,2,0,1,1
565,1,0,2,1
566,2,0,3,1
567,2,0,2,1
568,1,0,2,1
569,1,0,2,1
570,1,0,2,1
571,2,0,2,2
572,2,0,3,1
573,2,0,3,1
574,2,0,3,1
575,2,0,3,1
576,2,0,3,1
577,2,0,3,1
578,2,0,2,1
579,2,0,3,2
580,2,0,2,2
581,2,0,1,2
582,2,0,1,2
583,2,0,1,2
584,2,0,1,1
585,2,0,1,2
586,3,0,1,2
587,2,0,1,1
588,2,0,1,3
589,2,0,1,1
590,1,0,1,1
591,1,0,1,1
592,1,1,1,1
593,1,0,3,1
594,3,1,1,1
595,1,0,1,1
596,2,1,1,2
597,2,1,1,1
598,0,2,1,1
599,0,1,2,1
600,1,1,2,1
601,1,2,1,3
602,2,1,1,3
603,1,1,1,3
604,2,1,1,2
605,1,1,1,2
606,2,1,1,2
607,1,1,1,2
608,1,1,1,2
609,1,1,1,1
610,1,1,1,3
611,1,1,1,2
612,1,1,1,3
613,2,1,1,2
614,1,1,1,3
615,1,1,1,3
616,1,1,1,2
617,1,1,1,2
618,1,1,1,2
619,1,1,1,2
620,1,1,1,2
621,1,1,1,2
622,1,1,1,3
623,1,1,1,2
624,1,1,1,3
625,1,1,1,3
626,2,1,1,2
627,1,1,1,2
628,1,1,1,2
629,2,1,1,2
630,1,1,1,2
631,1,1,1,2
632,1,1,1,2
633,1,1,1,1
634,2,1,1,1
635,1,1,1,2
636,1,1,1,3
637,1,1,1,2
638,1,1,1,2
639,1,1,1,2
640,1,1,1,3
641,1,1,1,2
642,1,1,1,2
643,1,1,1,3
644,1,1,1,3
645,1,1,1,3
646,1,1,1,2
647,1,1,1,2
648,1,1,1,1
649,1,1,1,3
650,1,1,1,2
651,0,1,1,3
652,1,1,0,3
653,1,1,0,3
654,1,0,0,3
655,2,0,0,3
656,2,0,0,3
657,2,0,0,3
658,2,0,0,3
659,2,0,0,3
660,2,0,0,3
661,2,0,0,2
662,1,0,0,3
663,2,0,0,2
664,2,0,0,3
665,2,0,0,3
666,3,0,0,3
667,2,0,0,3
668,2,0,0,2
669,1,0,0,3
670,1,0,0,2
671,1,0,0,2
672,1,0,0,2
673,1,0,0,2
674,2,0,0,2
675,1,0,0,2
676,1,0,0,2
677,2,0,0,2
678,2,0,0,2
679,2,0,0,2
680,1,0,0,2
681,1,0,0,2
682,2,0,0,2
683,1,0,0,2
684,2,0,0,2
685,2,0,0,2
686,1,0,0,2
687,2,0,0,2
688,2,0,0,2
689,1,0,0,2
690,1,0,0,2
691,2,0,0,2
692,3,0,0,2
693,3,0,0,2
694,3,0,0,2
695,2,0,0,2
696,3,0,0,2
697,2,0,0,2
698,3,0,0,2
699,2,0,0,2
700,3,0,0,2
701,2,0,0,2
702,1,0,0,2
703,2,0,0,2
704,1,0,0,2
705,2,0,0,2
706,2,0,0,2
707,1,0,0,2
708,1,0,0,2
709,2,0,0,2
710,2,0,0,2
711,2,0,0,2
712,1,0,0,2
713,1,0,0,2
714,1,0,0,2
715,1,0,0,2
716,1,0,0,2
717,1,0,0,2
718,2,0,0,2
719,2,0,0,2
720,1,0,0,2
721,1,0,0,2
722,1,0,0,2
723,2,0,0,2
724,1,0,0,2
725,1,0,0,2
726,1,0,0,2
727,1,0,0,2
728,1,0,0,2
729,1,0,0,2
730,1,0,0,2
731,1,0,0,2
732,1,0,0,2
733,1,0,0,2
734,1,0,0,2
735,1,0,0,2
736,1,0,0,2
737,1,0,0,2
738,1,0,0,2
739,1,0,0,2
740,1,0,0,2
741,1,0,0,2
742,1,0,0,2
743,1,0,0,2
744,1,0,0,2
745,1,0,0,2
746,1,0,0,2
747,1,0,0,2
748,1,0,0,2
749,1,0,0,2
750,1,0,0,2
751,1,0,0,2
752,0,0,0,2
753,1,0,0,2
754,0,0,0,2
755,1,0,0,1
756,1,0,0,1
757,0,0,0,1
758,1,0,0,1
759,1,0,0,1
760,0,0,0,1
761,1,0,0,1
762,1,0,0,3
763,1,0,0,3
764,1,0,0,3
765,1,0,0,2
766,1,0,0,2
767,1,0,1,2
768,1,0,0,2
769,2,0,0,1
770,3,0,0,2
771,1,0,1,2
772,1,0,0,2
773,1,0,0,1
774,1,0,0,1
775,2,0,0,1
776,1,0,0,1
777,1,0,0,1
778,1,0,0,1
779,1,0,0,1
780,1,0,1,1
781,1,0,0,1
782,1,0,0,1
783,1,0,0,1
784,1,0,0,1
785,0,0,0,2
786,0,0,0,1
787,0,0,0,1
788,1,0,0,1
789,0,0,0,1
790,0,0,0,1
791,0,0,0,1
792,0,0,0,1
793,0,0,0,1
794,0,0,0,1
795,0,0,0,1
796,0,0,0,1
797,0,0,0,1
798,0,0,0,1
799,0,0,0,1
800,0,0,0,1
801,1,0,0,1
802,1,0,0,1
803,1,0,0,1
804,1,0,0,1
805,1,0,0,0
806,1,0,0,0
807,1,0,0,1
808,2,0,0,0
809,1,0,0,0
810,2,0,0,0
811,1,0,0,1
812,1,0,0,1
813,1,0,0,1
814,2,0,0,1
815,2,0,0,1
816,1,0,0,1
817,1,0,0,1
818,1,0,0,1
819,1,0,0,1
820,1,0,0,1
821,1,0,0,1
822,1,0,0,1
823,1,0,0,1
824,1,0,0,1
825,1,0,0,1
826,1,0,0,1
827,1,0,0,1
828,1,0,0,1
829,1,0,0,1
830,1,0,0,1
831,1,0,0,1
832,1,0,0,1
833,2,0,0,1
834,1,0,0,1
835,1,0,0,1
836,1,0,1,1
837,1,0,0,1
838,1,0,0,1
839,1,0,0,1
840,1,0,0,1
841,1,0,0,1
842,1,0,0,1
843,1,0,0,1
844,1,0,0,1
845,1,0,0,1
846,1,0,0,1
847,1,0,0,1
848,1,0,0,1
849,0,0,0,1
850,0,0,0,1
851,0,0,0,1
852,0,0,0,1
853,1,0,0,1
854,0,0,0,1
855,0,0,0,0
856,0,0,0,1
857,1,0,0,1
858,1,0,0,1
859,0,0,0,1
860,0,0,0,1
861,0,0,0,1
862,1,0,0,1
863,1,0,0,1
864,1,0,0,1
865,1,0,0,1
866,1,0,0,1
867,1,0,0,1
868,1,0,0,1
869,1,0,0,0
870,1,0,0,1
871,1,0,0,1
872,1,0,0,1
873,1,0,0,1
874,1,0,0,1
875,0,0,0,1
876,0,0,0,1
877,0,0,0,1
878,0,0,0,1
879,0,0,0,1
880,1,0,0,0
881,0,0,0,0
882,0,0,0,0
883,0,0,0,0
884,0,0,0,0
885,0,0,0,1
886,0,1,0,0
887,0,1,0,0
888,0,2,0,0
889,0,1,0,0
890,0,2,0,0
891,0,2,0,0
892,0,1,0,0
893,1,1,0,0
894,2,1,0,1
895,1,2,0,2
896,0,2,0,1
897,0,2,0,0
898,1,1,0,2
899,0,2,0,2
900,1,1,0,1
901,1,1,0,2
902,0,1,0,1
903,0,1,0,0
904,0,1,0,0
905,1,1,0,0
906,0,1,0,0
907,1,1,0,0
908,1,1,0,0
909,1,2,0,0
910,1,0,0,2
911,0,1,0,0
912,0,2,0,0
913,0,0,0,0
914,1,1,0,0
915,1,1,0,0
916,0,3,0,0
917,0,2,0,0
918,0,3,0,0
919,0,2,0,0
920,0,1,0,0
921,0,2,0,1
922,1,2,0,1
923,0,1,0,1
924,1,1,0,1
925,2,1,0,1
926,1,2,0,1
927,2,2,0,0
928,4,1,0,0
929,2,1,0,1
930,3,1,0,0
931,1,1,0,0
932,1,2,0,2
933,0,1,0,0
934,2,1,0,1
935,2,1,0,2
936,2,2,0,2
937,0,1,0,2
938,1,2,0,2
939,0,1,0,1
940,2,2,0,2
941,2,1,0,2
942,3,1,0,2
943,2,1,0,1
944,1,1,0,1
945,0,1,0,1
946,1,2,0,0
947,1,2,0,1
948,0,2,0,0
949,4,2,0,0
950,1,2,0,0
951,0,1,0,1
952,3,2,0,1
953,2,1,0,2
954,2,2,0,1
955,2,1,0,0
956,2,2,0,1
957,2,1,0,1
958,3,1,0,1
959,2,3,0,1
960,1,2,0,0
961,1,2,0,1
962,0,2,0,1
963,0,2,0,1
964,1,2,0,1
965,2,2,0,1
966,3,2,0,0
967,3,2,0,0
968,2,2,0,0
969,2,2,0,0
970,0,1,0,1
971,1,2,0,1
972,1,2,0,0
973,1,2,0,0
974,0,2,0,1
975,1,2,0,1
976,2,1,0,0
977,0,1,0,0
978,0,1,0,0
979,0,1,0,0
980,0,0,0,1
981,0,0,0,0
982,0,0,0,0
983,0,0,0,0
984,0,0,0,1
985,1,0,0,0
986,0,0,0,0
987,0,0,0,0
988,0,0,0,0
989,2,0,0,0
990,1,1,0,1
991,1,2,0,1
992,0,1,0,0
993,1,2,0,0
994,4,2,0,0
995,5,0,0,0
996,2,1,0,0
997,2,1,0,1
998,2,0,0,0
999,1,0,0,0
1000,1,0,0,1
1001,2,0,0,1
1002,3,0,0,1
1003,3,0,0,1
1004,2,0,0,1
1005,1,0,0,1
1006,1,0,0,1
1007,3,0,0,1
1008,2,0,0,2
1009,2,0,0,1
1010,2,1,0,1
1011,3,0,0,1
1012,1,0,0,2
1013,1,0,0,2
1014,1,0,0,2
1015,1,0,0,1
1016,3,0,0,2
1017,3,0,0,1
1018,3,0,0,1
1019,3,0,0,2
1020,3,0,0,2
1021,2,0,0,2
1022,2,0,0,2
1023,2,0,0,2
1024,2,0,0,2
1025,2,0,0,1
1026,2,0,0,2
1027,2,0,0,2
1028,2,0,0,2
1029,2,0,0,2
1030,2,0,0,2
1031,1,0,0,2
1032,1,0,0,2
1033,2,0,0,2
1034,2,0,0,1
1035,2,0,0,2
1036,2,0,0,2
1037,2,0,0,2
1038,0,0,0,2
1039,1,0,0,2
1040,0,0,0,2
1041,0,0,0,2
1042,2,0,0,3
1043,0,0,0,3
1044,0,0,0,3
1045,1,0,0,3
1046,0,0,0,3
1047,1,0,0,3
1048,2,0,0,1
1049,1,0,0,2
1050,1,0,0,2
1051,1,0,0,1
1052,2,1,0,1
1053,2,0,0,2
1054,1,0,0,1
1055,1,0,0,1
1056,1,0,0,1
1057,1,0,0,1
1058,1,0,0,2
1059,1,0,0,1
1060,0,0,0,1
1061,0,0,0,1
1062,1,0,0,1
1063,0,0,0,1
1064,1,0,0,1
1065,0,0,0,2
1066,1,0,0,1
1067,0,0,0,1
1068,0,0,0,3
1069,0,0,0,1
1070,1,0,0,1
1071,0,0,0,1
1072,1,0,0,2
1073,0,0,0,2
1074,1,1,0,1
1075,1,0,0,2
1076,0,0,0,2
1077,0,0,0,1
1078,1,0,0,1
1079,0,0,0,1
1080,0,1,0,1
1081,1,0,0,2
1082,0,0,0,1
1083,0,0,0,2
1084,0,0,0,1
1085,0,0,0,1
1086,1,0,0,1
1087,0,1,0,1
1088,1,0,0,1
1089,2,0,0,1
1090,0,1,0,1
1091,0,1,0,2
1092,2,1,0,1
1093,1,0,0,2
1094,0,0,0,3
1095,1,0,0,1
1096,0,0,0,1
1097,0,1,0,0
1098,0,1,0,1
1099,0,1,0,1
1100,1,2,0,2
1101,1,1,0,2
1102,1,1,0,2
1103,1,1,0,2
1104,1,2,0,2
1105,1,2,0,2
1106,1,1,0,3
1107,2,3,0,1
1108,2,1,0,2
1109,2,2,0,3
1110,2,2,0,3
1111,2,2,0,2
1112,2,2,0,2
1113,2,2,0,3
1114,2,2,0,3
1115,2,2,0,2
1116,2,2,0,2
1117,2,2,0,3
1118,2,2,0,2
1119,2,2,0,2
1120,1,2,0,2
1121,1,2,0,2
1122,2,1,0,2
1123,1,2,0,2
1124,1,2,0,2
1125,0,2,0,2
1126,1,2,0,2
1127,0,2,0,2
1128,1,2,0,1
1129,0,2,0,2
1130,0,2,0,2
1131,0,2,0,2
1132,0,2,0,2
1133,0,2,0,2
1134,0,2,0,2
1135,0,2,0,2
1136,1,3,0,2
1137,1,3,0,2
1138,1,4,1,2
1139,1,3,1,2
1140,1,4,1,2
1141,1,4,1,2
1142,1,4,1,2
1143,1,5,0,2
1144,1,4,1,2
1145,1,4,1,2
1146,1,5,0,2
1147,1,4,1,2
1148,1,4,1,2
1149,1,4,1,2
1150,1,3,0,2
1151,0,4,1,2
1152,0,4,1,1
1153,1,5,0,2
1154,1,5,0,2
1155,1,4,0,2
1156,1,4,0,2
1157,0,4,0,2
1158,0,4,0,2
1159,1,4,0,3
1160,0,4,1,2
1161,0,5,0,2
1162,0,5,0,2
1163,0,5,1,2
1164,0,5,1,2
1165,0,5,0,2
1166,1,4,0,2
1167,1,3,1,3
1168,0,3,0,3
1169,0,3,0,3
1170,0,3,0,2
1171,0,4,1,2
1172,1,3,1,3
1173,0,3,1,3
1174,0,3,1,2
1175,0,3,1,1
1176,0,2,0,2
1177,0,2,0,3
1178,1,3,0,1
1179,0,4,0,2
1180,0,3,1,3
1181,0,3,1,1
1182,0,4,1,2
1183,0,4,1,1
1184,0,3,1,1
1185,0,3,1,1
1186,0,3,1,1
1187,0,3,1,2
1188,0,4,1,2
1189,0,4,1,2
1190,0,4,1,2
1191,0,4,1,2
1192,0,4,1,2
1193,0,3,0,3
1194,0,3,0,2
1195,0,6,1,2
1196,0,4,0,3
1197,1,5,1,3
1198,0,2,1,2
1199,0,4,1,3
1200,1,3,1,3
1201,0,3,1,3
1202,1,3,1,3
1203,0,2,2,3
1204,0,4,1,3
1205,1,5,1,2
1206,0,3,1,3
1207,1,3,1,2
1208,0,4,1,3
1209,1,3,1,3
1210,1,4,1,3
1211,1,4,0,2
1212,0,4,1,3
1213,1,4,1,3
1214,1,4,1,2
1215,1,5,1,2
1216,1,5,1,3
1217,1,5,1,2
1218,1,5,1,2
1219,1,3,1,2
1220,2,3,1,1
1221,1,4,1,2
1222,2,4,1,2
1223,0,3,1,3
1224,2,4,1,3
1225,3,4,1,3
1226,2,4,1,2
1227,2,5,1,1
1228,2,4,1,3
1229,1,2,1,3
1230,2,6,1,2
1231,1,3,1,2
1232,1,4,1,2
1233,2,4,1,2
1234,3,3,1,3
1235,3,4,0,2
1236,3,5,1,2
1237,3,2,1,1
1238,3,4,1,1
1239,3,4,1,1
1240,3,4,1,2
1241,3,3,1,2
1242,2,2,1,1
1243,2,3,1,0
1244,3,3,1,2
1245,1,3,1,2
1246,2,3,1,2
1247,2,5,1,0
1248,2,4,1,1
1249,2,4,1,2
1250,2,4,1,2
1251,3,7,1,2
1252,4,6,1,2
1253,4,4,1,2
1254,3,4,0,1
1255,4,4,0,1
1256,3,4,0,1
1257,3,5,0,1
1258,4,4,0,1
1259,4,6,0,1
1260,4,4,0,1
1261,4,3,0,2
1262,4,4,0,1
1263,4,4,0,1
1264,4,5,0,0
1265,4,4,0,2
1266,4,7,0,0
1267,4,7,1,0
1268,3,5,0,0
1269,4,4,0,0
1270,4,5,0,1
1271,4,4,0,1
1272,4,5,0,1
1273,4,5,0,1
1274,4,5,0,1
1275,4,5,0,1
1276,4,5,0,2
1277,4,6,0,2
1278,4,4,0,2
1279,3,4,0,2
1280,2,4,0,1
1281,3,6,0,2
1282,3,6,0,2
1283,3,5,0,1
1284,2,4,0,1
1285,2,5,0,2
1286,2,5,0,1
1287,2,6,1,1
1288,2,6,0,2
1289,2,5,0,2
1290,3,6,0,2
1291,3,4,0,2
1292,1,5,0,2
1293,1,5,0,1
1294,2,7,0,1
1295,3,5,0,0
1296,3,4,0,0
1297,3,6,1,0
1298,4,6,1,0
1299,3,7,0,0
1300,3,6,0,1
1301,2,7,0,1
1302,2,8,0,1
1303,2,8,0,0
1304,2,5,0,0
1305,3,6,0,0
1306,3,5,0,0
1307,2,6,0,0
1308,1,5,0,0
1309,2,5,0,1
1310,1,6,0,1
1311,1,5,0,1
1312,2,5,0,1
1313,2,5,0,1
1314,2,5,0,1
1315,2,5,0,1
1316,2,7,0,1
1317,0,4,0,0
1318,3,6,0,1
1319,1,8,0,0
1320,1,6,0,0
1321,1,4,0,0
1322,0,6,0,0
1323,0,6,0,0
1324,0,5,0,0
1325,1,6,0,0
1326,1,4,0,0
1327,2,4,0,0
1328,1,4,0,0
1329,1,4,0,1
1330,2,4,1,1
1331,0,3,0,0
1332,2,5,0,0
1333,0,5,0,0
1334,1,4,0,0
1335,2,4,0,0
1336,0,4,0,0
1337,2,4,0,0
1338,1,6,0,0
1339,1,4,0,0
1340,0,4,0,0
1341,1,4,0,1
1342,1,5,0,1
1343,1,5,0,1
1344,1,5,0,0
1345,1,5,0,1
1346,2,5,0,1
1347,2,6,0,4
1348,2,5,0,2
1349,0,4,0,2
1350,1,3,0,1
1351,3,4,0,2
1352,3,5,0,2
1353,4,3,0,1
1354,4,3,0,0
1355,4,3,0,1
1356,3,2,0,3
1357,3,5,0,2
1358,2,5,0,2
1359,2,6,0,2
1360,2,4,0,2
1361,2,5,0,2
1362,1,3,0,2
1363,2,4,0,2
1364,1,4,0,2
1365,1,4,0,2
1366,1,5,0,2
1367,0,2,0,2
1368,1,3,0,2
1369,1,3,0,2
1370,1,1,1,2
1371,2,3,0,3
1372,0,1,0,2
1373,0,1,0,2
1374,0,2,0,2
1375,0,1,0,2
1376,1,3,0,2
1377,0,2,0,1
1378,1,0,0,1
1379,1,0,0,1
1380,1,0,0,2
1381,1,0,0,1
1382,1,0,0,1
1383,1,1,0,1
1384,1,0,0,1
1385,1,0,0,1
1386,1,0,0,1
1387,1,0,0,1
1388,1,1,0,1
1389,3,0,0,1
1390,1,0,0,1
1391,2,1,0,1
1392,2,0,1,1
1393,2,1,1,2
1394,3,0,0,2
1395,5,1,0,2
1396,3,0,0,2
1397,1,0,0,1
1398,4,0,0,2
1399,3,0,0,1
1400,3,0,0,1
1401,3,1,0,3
1402,3,0,0,2
1403,3,0,0,2
1404,4,1,0,4
1405,3,1,0,4
1406,3,2,0,2
1407,4,0,0,3
1408,2,1,0,4
1409,3,1,0,3
1410,4,2,0,3
1411,3,1,0,3
1412,3,1,0,3
1413,4,1,0,2
1414,3,0,0,3
1415,3,0,0,3
1416,3,2,0,2
1417,1,0,0,3
1418,4,0,0,3
1419,3,0,0,3
1420,3,0,0,3
1421,2,0,0,4
1422,2,0,0,4
1423,3,0,0,3
1424,4,0,0,4
1425,3,0,0,4
1426,3,0,0,3
1427,3,0,0,3
1428,3,0,0,3
1429,3,0,0,3
1430,3,0,0,2
1431,3,0,0,4
1432,3,0,0,3
1433,4,0,0,3
1434,3,0,0,3
1435,3,0,0,3
1436,3,0,0,2
1437,4,0,0,3
1438,3,0,0,3
1439,4,0,0,3
1440,4,0,0,3
1441,4,0,0,3
1442,3,0,0,3
1443,2,0,0,4
1444,1,0,0,4
1445,2,0,0,4
1446,2,0,0,2
1447,2,0,0,3
1448,2,0,0,3
1449,2,0,0,4
1450,2,0,0,3
1451,2,0,0,2
1452,3,0,0,2
1453,2,0,0,2
1454,2,0,0,3
1455,2,0,0,2
1456,2,0,0,2
1457,3,0,0,3
1458,2,0,0,2
1459,2,0,0,3
1460,3,0,0,3
1461,2,0,0,4
1462,2,0,0,2
1463,2,0,0,3
1464,3,1,0,2
1465,3,0,0,4
1466,3,1,0,3
1467,3,2,0,3
1468,3,2,0,3
1469,3,2,0,2
1470,3,3,0,1
1471,4,3,0,2
1472,3,1,0,2
1473,3,2,0,2
1474,3,1,0,1
1475,3,1,0,2
1476,3,1,0,1
1477,3,0,0,1
1478,4,1,0,2
1479,4,1,0,1
1480,4,0,0,1
1481,4,1,0,1
1482,4,0,0,1
1483,3,1,0,1
1484,3,2,0,1
1485,3,2,0,1
1486,4,2,0,1
1487,3,3,0,1
1488,5,1,0,2
1489,3,2,0,1
1490,3,2,0,1
1491,3,2,0,1
1492,2,2,0,2
1493,3,2,0,1
1494,4,2,0,1
1495,3,2,0,1
1496,3,2,0,1
1497,5,2,0,1
1498,4,2,0,1
1499,5,2,0,1
1500,4,2,0,1
1501,4,2,0,1
1502,4,1,0,1
1503,3,2,0,1
1504,4,2,0,0
1505,3,2,0,2
1506,2,2,0,1
1507,3,3,0,1
1508,3,2,0,1
1509,2,1,0,1
1510,3,1,0,1
1511,3,1,0,1
1512,3,1,0,1
1513,4,1,0,1
1514,2,1,0,1
1515,3,2,0,1
1516,2,1,0,1
1517,4,1,0,2
1518,4,1,0,2
1519,3,1,0,2
1520,3,0,0,1
1521,3,1,0,2
1522,3,1,0,2
1523,3,2,0,2
1524,3,0,0,1
1525,4,1,0,2
1526,4,1,0,1
1527,4,2,0,2
1528,4,1,0,2
1529,5,2,0,2
1530,3,1,0,3
1531,4,2,0,2
1532,5,0,0,2
1533,5,1,0,1
1534,6,1,0,2
1535,4,0,0,1
1536,4,1,0,0
1537,3,0,0,0
1538,3,0,0,1
1539,2,0,0,0
1540,2,0,0,0
1541,1,0,0,0
1542,3,0,0,0
1543,3,0,0,0
1544,2,0,0,0
1545,1,0,0,1
1546,3,0,0,1
1547,4,0,0,1
1548,4,0,0,1
1549,4,0,0,1
1550,2,0,0,1
1551,1,0,0,2
1552,1,0,0,2
1553,4,0,0,2
1554,3,0,0,2
1555,1,0,0,2
1556,1,0,0,2
1557,4,0,0,2
1558,3,0,0,2
1559,1,0,0,1
1560,3,0,0,0
1561,2,0,0,1
1562,4,0,0,1
1563,3,1,0,0
1564,3,0,0,0
1565,4,1,0,0
1566,2,0,0,0
1567,2,0,0,0
1568,3,0,0,0
1569,3,0,0,0
1570,3,0,0,0
1571,4,0,0,0
1572,3,0,0,0
1573,4,0,0,0
1574,5,0,0,0
1575,4,0,0,0
1576,4,0,0,0
1577,3,0,0,0
1578,3,0,0,0
1579,4,0,0,0
1580,4,0,0,0
1581,4,0,0,0
1582,3,0,0,0
1583,3,0,0,0
1584,3,0,0,0
1585,3,0,0,0
1586,3,0,0,0
1587,3,0,0,0
1588,5,0,0,0
1589,3,0,0,0
1590,3,0,0,0
1591,3,0,0,0
1592,4,0,0,0
1593,4,0,0,0
1594,3,0,0,0
1595,3,0,0,0
1596,4,0,0,0
1597,4,0,0,0
1598,4,0,0,0
1599,3,0,0,0
1600,3,0,0,0
1601,4,0,0,0
1602,5,0,0,0
1603,5,0,0,0
1604,3,0,0,0
1605,7,0,0,0
1606,5,0,0,0
1607,5,0,0,0
1608,4,0,0,0
1609,4,0,0,0
1610,4,0,0,0
1611,7,0,0,0
1612,5,0,0,0
1613,6,0,0,0
1614,4,0,0,0
1615,4,0,0,0
1616,5,1,0,0
1617,5,1,0,0
1618,6,0,0,0
1619,4,2,0,0
1620,4,1,0,1
1621,5,1,0,1
1622,5,1,0,0
1623,4,0,0,1
1624,3,0,0,0
1625,4,0,0,1
1626,4,1,0,1
1627,4,1,0,1
1628,5,0,0,0
1629,4,1,0,0
1630,4,1,0,1
1631,2,1,0,1
1632,2,1,0,0
1633,2,1,0,0
1634,2,1,0,0
1635,2,1,0,1
1636,3,2,0,1
1637,3,1,0,1
1638,2,1,0,0
1639,2,0,0,0
1640,3,0,0,0
1641,2,1,0,0
1642,3,0,0,0
1643,2,1,0,1
1644,3,2,0,1
1645,3,0,0,1
1646,3,1,0,1
1647,3,1,0,1
1648,4,0,0,1
1649,2,0,0,1
1650,1,2,0,0
1651,4,1,0,1
1652,4,1,0,1
1653,5,1,0,1
1654,3,1,0,1
1655,5,1,0,0
1656,5,2,0,0
1657,3,3,0,1
1658,5,3,0,0
1659,5,3,0,0
1660,3,2,0,0
1661,0,0,0,0
1662,6,3,0,0
1663,2,2,0,1
1664,3,2,0,1
1665,4,1,0,1
1666,2,1,0,1
1667,5,1,0,1
1668,3,2,0,1
1669,3,0,0,1
1670,4,0,0,0
1671,4,1,0,0
1672,4,0,0,0
1673,3,1,0,0
1674,4,1,0,0
1675,4,1,0,1
1676,5,1,0,0
1677,4,2,0,1
1678,3,0,0,1
1679,5,0,0,0
1680,5,0,0,1
1681,5,1,0,0
1682,4,0,0,0
1683,4,1,0,0
1684,4,1,0,0
1685,5,2,0,1
1686,5,1,0,0
1687,5,2,0,0
1688,5,2,0,0
1689,5,2,0,0
1690,6,2,0,0
1691,5,0,0,0
1692,6,1,0,0
1693,6,2,0,1
1694,6,2,0,0
1695,5,2,0,1
1696,5,1,0,2
1697,3,0,0,2
1698,6,1,0,0
1699,4,1,0,2
1700,5,1,0,1
1701,2,3,0,2
1702,2,1,0,2
1703,4,1,0,1
1704,2,1,0,1
1705,1,1,0,2
1706,1,0,0,2
1707,1,0,0,1
1708,2,1,0,1
1709,4,2,0,1
1710,5,3,0,1
1711,5,2,0,1
1712,2,2,0,1
1713,0,2,0,1
1714,2,1,0,1
1715,3,2,0,2
1716,2,1,0,2
1717,3,2,0,0
1718,4,2,0,1
1719,6,2,0,0
1720,5,1,0,1
1721,4,1,0,1
1722,3,1,0,1
1723,3,2,0,1
1724,3,1,0,2
1725,3,2,0,1
1726,4,4,0,1
1727,5,3,0,1
1728,5,3,0,1
1729,5,2,0,2
1730,4,1,0,2
1731,4,3,0,1
1732,3,3,0,1
1733,3,1,0,2
1734,4,2,0,2
1735,2,2,0,2
1736,3,1,0,2
1737,2,1,0,1
1738,3,1,0,2
1739,3,1,0,2
1740,3,1,0,2
1741,3,1,0,2
1742,3,1,0,2
1743,3,1,0,2
1744,3,0,0,2
1745,2,0,0,2
1746,2,0,0,2
1747,2,0,0,2
1748,4,0,0,2
1749,3,0,0,2
1750,2,1,0,2
1751,2,0,0,2
1752,5,0,0,2
1753,4,0,0,3
1754,2,0,0,2
1755,2,0,1,2
1756,3,0,0,3
1757,3,0,0,3
1758,3,0,0,3
1759,3,0,0,2
1760,2,0,0,2
1761,3,0,0,2
1762,2,0,0,2
1763,3,0,0,2
1764,3,0,0,2
1765,4,1,0,2
1766,4,0,0,2
1767,4,0,0,2
1768,4,0,0,3
1769,4,1,0,2
1770,4,2,0,2
1771,5,2,0,2
1772,4,1,0,2
1773,4,1,0,2
1774,5,2,0,2
1775,4,1,0,2
1776,4,1,0,2
1777,4,2,0,2
1778,6,2,0,2
1779,3,2,0,2
1780,5,2,0,2
1781,5,2,0,2
1782,5,1,0,3
1783,4,2,0,2
1784,4,1,0,2
1785,3,0,0,2
1786,4,0,0,2
1787,4,0,0,2
1788,3,0,0,2
1789,3,0,0,2
1790,4,0,0,2
1791,5,0,0,2
1792,4,0,0,2
1793,4,0,0,2
1794,5,0,0,2
1795,3,0,0,2
1796,4,0,1,1
1797,4,0,1,2
1798,4,0,1,2
1799,4,0,0,2
1800,2,0,0,2
1801,2,0,0,2
1802,2,0,0,2
1803,2,0,0,2
1804,3,0,1,2
1805,1,0,0,2
1806,2,0,0,2
1807,3,0,0,2
1808,3,0,0,2
1809,3,0,0,2
1810,3,0,0,2
1811,3,0,0,2
1812,3,0,0,2
1813,3,0,1,2
1814,3,0,0,2
1815,3,0,0,2
1816,3,0,0,2
1817,3,0,0,3
1818,2,0,0,2
1819,2,0,0,2
1820,2,0,0,2
1821,2,0,0,2
1822,3,0,0,2
1823,2,0,0,1
1824,2,0,0,1
1825,2,0,0,1
1826,3,0,0,1
1827,2,0,0,1
1828,2,0,0,1
1829,2,0,0,1
1830,2,0,0,1
1831,2,0,0,1
1832,2,0,0,1
1833,3,1,0,1
1834,2,1,0,1
1835,3,0,0,1
1836,4,1,0,1
1837,3,1,0,1
1838,3,1,0,1
1839,3,0,0,1
1840,2,0,0,2
1841,3,0,0,2
1842,3,2,0,2
1843,2,1,0,2
1844,3,1,0,2
1845,3,1,0,2
1846,3,1,0,2
1847,3,1,0,2
1848,3,1,0,2
1849,2,1,0,1
1850,2,1,0,1
1851,2,2,0,1
1852,2,0,0,1
1853,3,0,0,1
1854,4,0,0,1
1855,4,0,0,1
1856,3,1,0,1
1857,5,2,0,1
1858,3,1,0,1
1859,2,1,0,1
1860,3,1,0,1
1861,4,1,0,1
1862,3,2,0,1
1863,2,2,0,2
1864,3,1,0,2
1865,3,2,0,2
1866,3,0,0,1
1867,3,1,0,1
1868,2,2,0,1
1869,2,2,0,2
1870,2,3,0,2
1871,2,1,0,2
1872,2,2,0,2
1873,3,1,0,1
1874,3,1,0,2
1875,3,1,0,2
1876,3,0,0,1
1877,3,1,0,2
1878,3,0,0,1
1879,3,0,0,2
1880,3,0,0,1
1881,3,0,0,1
1882,2,0,0,2
1883,2,0,0,1
1884,2,0,0,1
1885,3,0,0,3
1886,3,0,0,1
1887,3,0,0,2
1888,3,0,0,2
1889,4,0,0,2
1890,5,0,0,2
1891,4,0,0,0
1892,4,0,0,1
1893,4,1,0,3
1894,4,1,0,2
1895,4,0,0,2
1896,3,0,0,1
1897,3,0,0,1
1898,2,0,0,3
1899,2,0,0,2
1900,4,0,0,1
1901,4,0,0,1
1902,3,0,0,2
1903,4,0,0,2
1904,5,0,0,2
1905,6,0,0,1
1906,4,0,0,3
1907,4,0,0,3
1908,3,0,0,4
1909,3,0,0,3
1910,3,0,0,3
1911,5,0,0,2
1912,4,0,0,3
1913,1,1,1,3
1914,1,0,0,3
1915,3,0,0,3
1916,3,0,0,3
1917,4,2,0,3
1918,2,1,0,3
1919,3,1,0,3
1920,3,1,0,3
1921,2,0,0,3
1922,2,1,0,3
1923,2,1,1,3
1924,2,1,1,3
1925,1,1,1,3
1926,4,2,0,3
1927,2,2,0,3
1928,2,2,1,3
1929,2,2,0,3
1930,3,3,0,3
1931,3,2,0,2
1932,3,2,0,2
1933,4,2,0,2
1934,3,3,0,2
1935,3,3,0,3
1936,2,2,0,2
1937,4,1,0,2
1938,4,1,0,2
1939,3,1,0,0
1940,2,2,0,2
1941,3,3,0,1
1942,3,2,0,2
1943,2,2,0,0
1944,2,2,0,2
1945,3,4,1,2
1946,2,2,1,2
1947,3,2,1,2
1948,3,3,1,2
1949,4,3,1,3
1950,3,3,1,2
1951,1,1,0,3
1952,1,2,1,3
1953,1,2,1,3
1954,2,1,1,2
1955,1,1,1,2
1956,1,1,1,2
1957,2,1,1,2
1958,1,1,0,3
1959,1,1,1,1
1960,2,1,1,3
1961,1,1,1,3
1962,0,1,0,3
1963,0,1,1,3
1964,2,2,1,3
1965,1,1,0,3
1966,1,3,0,2
1967,1,1,1,3
1968,2,1,0,3
1969,2,2,0,2
1970,2,1,0,3
1971,1,2,0,3
1972,1,2,0,3
1973,0,0,0,2
1974,1,1,0,3
1975,2,1,0,2
1976,0,2,0,2
1977,1,2,0,2
1978,1,2,0,2
1979,0,2,0,3
1980,1,1,0,3
1981,0,1,0,3
1982,0,1,0,2
1983,1,1,0,3
1984,2,2,0,3
1985,2,2,0,3
1986,5,2,0,2
1987,1,3,0,1
1988,2,2,0,3
1989,1,2,0,3
1990,0,1,0,3
1991,0,4,0,3
1992,0,3,0,3
1993,0,4,0,3
1994,1,2,0,3
1995,2,4,0,3
1996,1,3,0,2
1997,0,2,0,2
1998,1,2,0,3
1999,1,2,0,2
2000,2,3,0,2
2001,1,2,0,3
2002,1,2,0,2
2003,2,3,1,2
2004,1,2,0,2
2005,2,3,0,2
2006,0,2,1,2
2007,0,2,0,2
2008,0,3,0,1
2009,1,2,0,1
2010,0,3,0,2
2011,0,3,0,1
2012,1,3,0,2
2013,2,2,0,3
2014,1,3,0,3
2015,1,3,0,3
2016,1,2,0,1
2017,0,2,0,2
2018,1,2,0,1
2019,1,2,0,1
2020,1,1,0,2
2021,0,1,0,2
2022,0,2,0,3
2023,1,2,0,2
2024,1,3,0,4
2025,0,2,0,4
2026,1,3,0,2
2027,0,1,0,1
2028,0,3,0,2
2029,0,4,0,1
2030,1,2,0,1
2031,1,1,0,1
2032,0,2,0,1
2033,0,1,0,2
2034,0,3,0,1
2035,0,2,0,1
2036,0,2,0,1
2037,0,1,0,2
2038,0,1,0,2
2039,1,1,0,2
2040,1,0,0,1
2041,0,0,0,1
2042,0,1,0,1
2043,1,1,0,1
2044,0,1,0,2
2045,0,2,0,2
2046,0,2,0,3
2047,0,2,0,2
2048,0,3,0,1
2049,0,3,0,3
2050,1,2,0,3
2051,0,2,0,3
2052,0,3,0,1
2053,2,2,0,3
2054,1,3,0,1
2055,1,2,0,3
2056,1,3,0,2
2057,0,2,0,3
2058,0,2,0,2
2059,1,2,0,1
2060,1,2,0,2
2061,1,2,0,3
2062,1,1,0,4
2063,2,1,0,3
2064,1,1,0,3
2065,2,1,0,3
2066,0,1,0,3
2067,1,1,0,2
2068,1,0,0,2
2069,1,0,0,2
2070,1,0,0,2
2071,1,0,0,2
2072,1,0,0,2
2073,1,0,0,2
2074,1,0,0,3
2075,1,0,0,2
2076,1,0,0,3
2077,1,0,0,3
2078,0,0,0,2
2079,0,0,0,3
2080,0,0,0,3
2081,0,0,0,2
2082,0,0,0,2
2083,0,0,0,2
2084,0,0,0,2
2085,0,0,0,2
2086,0,0,0,2
2087,0,0,0,3
2088,0,0,0,3
2089,1,0,0,4
2090,2,0,0,4
2091,0,0,0,3
2092,0,0,0,3
2093,2,0,0,4
2094,1,0,0,4
2095,1,0,0,4
2096,0,0,0,5
2097,0,0,0,4
2098,0,0,0,5
2099,1,0,0,3
2100,2,0,0,3
2101,1,0,0,3
2102,0,0,0,4
2103,0,0,0,4
2104,0,0,0,3
2105,0,0,0,4
2106,0,0,0,3
2107,0,0,0,3
2108,0,0,0,3
2109,0,0,0,4
2110,0,0,0,2
2111,0,0,0,2
2112,0,0,0,3
2113,0,0,0,5
2114,0,0,0,5
2115,0,0,0,4
2116,0,0,0,4
2117,0,0,0,4
2118,0,0,0,3
2119,0,0,0,3
2120,0,0,0,3
2121,0,0,0,2
2122,0,0,0,2
2123,1,0,0,4
2124,0,0,0,4
2125,0,0,0,4
2126,0,0,0,3
2127,0,0,0,3
2128,0,0,0,4
2129,0,0,0,4
2130,0,0,0,4
2131,0,0,0,5
2132,0,0,0,2
2133,0,0,0,3
2134,0,0,0,4
2135,0,0,0,5
2136,0,0,0,5
2137,0,0,0,4
2138,0,0,0,2
2139,0,0,0,1
2140,0,0,0,2
2141,0,0,0,1
2142,0,0,0,3
2143,0,0,0,3
2144,0,0,0,3
2145,0,0,0,2
2146,0,0,0,2
2147,0,0,0,2
2148,0,0,0,2
2149,0,0,0,2
2150,0,0,0,3
2151,0,0,0,2
2152,0,0,0,3
2153,0,0,0,3
2154,0,0,0,2
2155,0,0,0,4
2156,0,0,0,4
2157,0,0,0,4
2158,0,0,0,4
2159,0,0,0,3
2160,0,0,0,3
2161,0,0,0,3
2162,1,0,0,2
2163,0,0,0,3
2164,0,0,0,3
2165,0,0,0,3
2166,0,0,0,3
2167,0,1,0,3
2168,0,1,0,2
2169,0,1,0,3
2170,0,2,0,2
2171,0,0,0,3
2172,0,1,0,3
2173,0,1,0,3
2174,0,1,0,3
2175,0,1,0,2
2176,0,1,0,3
2177,0,1,0,3
2178,0,1,0,3
2179,0,1,0,5
2180,0,1,0,3
2181,0,1,0,3
2182,0,1,0,4
2183,0,1,0,3
2184,0,1,0,3
2185,0,1,0,3
2186,0,1,0,3
2187,0,1,0,3
2188,0,1,0,3
2189,0,1,0,3
2190,0,0,0,3
2191,0,1,0,4
2192,0,1,0,4
2193,0,2,0,4
2194,0,1,0,3
2195,0,2,0,5
2196,0,2,0,3
2197,0,2,0,4
2198,0,1,0,3
2199,0,1,0,4
2200,0,2,0,3
2201,0,1,0,2
2202,0,1,0,3
2203,0,1,0,2
2204,0,1,0,3
2205,0,1,0,3
2206,0,1,0,2
2207,0,1,0,2
2208,0,1,0,2
2209,1,1,0,4
2210,1,1,0,4
2211,1,0,0,4
2212,1,1,0,4
2213,1,2,0,4
2214,1,1,0,4
2215,1,2,0,4
2216,1,2,0,3
2217,1,1,0,3
2218,1,2,0,3
2219,1,1,0,4
2220,1,1,0,5
2221,1,2,0,4
2222,1,1,0,4
2223,1,1,0,4
2224,1,2,0,5
2225,1,4,0,4
2226,1,4,0,2
2227,1,3,0,3
2228,1,2,0,3
2229,1,1,0,2
2230,1,1,0,2
2231,1,1,0,3
2232,1,2,0,2
2233,1,1,0,3
2234,1,2,0,3
2235,1,1,0,3
2236,1,2,0,4
2237,1,3,0,4
2238,1,3,0,4
2239,1,2,0,4
2240,1,2,0,4
2241,1,2,0,4
2242,1,2,0,4
2243,1,2,0,4
2244,1,4,0,4
2245,1,2,0,3
2246,1,2,0,3
2247,1,3,0,3
2248,1,2,0,3
2249,1,2,0,3
2250,1,2,0,3
2251,1,2,0,3
2252,1,2,0,3
2253,1,2,0,3
2254,1,2,0,3
2255,1,2,0,3
2256,1,1,0,4
2257,1,1,0,4
2258,1,1,0,2
2259,1,1,0,3
2260,1,1,0,2
2261,1,1,0,3
2262,1,1,0,2
2263,1,1,0,3
2264,1,1,0,3
2265,1,1,0,2
2266,1,1,0,2
2267,1,1,0,2
2268,0,1,0,2
2269,0,1,0,2
2270,0,1,0,2
2271,0,1,0,2
2272,0,1,0,2
2273,0,1,0,2
2274,0,1,0,2
2275,0,1,0,3
2276,0,1,0,3
2277,0,1,0,2
2278,0,1,0,2
2279,0,1,0,3
2280,0,0,0,3
2281,0,1,0,3
2282,0,1,0,3
2283,0,1,0,3
2284,0,1,0,2
2285,0,1,0,3
2286,0,1,0,2
2287,0,1,0,2
2288,0,1,0,3
2289,0,1,0,2
2290,0,1,0,2
2291,0,1,0,2
2292,0,1,0,3
2293,0,1,0,3
2294,0,1,0,2
2295,0,1,0,2
2296,0,1,0,2
2297,0,1,0,2
2298,0,1,0,2
2299,0,1,0,2
2300,0,1,0,2
2301,0,1,0,3
2302,0,1,0,3
2303,0,1,0,2
2304,0,1,0,2
2305,0,0,0,2
2306,0,0,0,3
2307,0,0,0,2
2308,0,0,0,2
2309,0,0,0,2
2310,0,0,0,2
2311,0,0,0,2
2312,0,0,0,3
2313,0,0,0,2
2314,0,0,0,2
2315,0,0,0,2
2316,0,0,0,3
2317,0,0,0,2
2318,0,0,0,2
2319,0,0,0,2
2320,0,0,0,2
2321,0,0,0,2
2322,0,0,0,2
2323,0,0,0,2
2324,0,0,0,2
2325,0,0,0,2
2326,0,0,0,2
2327,0,0,0,2
2328,0,0,0,2
2329,0,0,0,2
2330,0,0,0,2
2331,0,0,0,2
2332,0,0,0,2
2333,0,0,0,2
2334,0,0,0,2
2335,0,0,0,2
2336,0,0,0,2
2337,0,0,0,2
2338,0,0,0,2
2339,0,0,0,2
2340,0,0,0,2
2341,0,0,0,2
2342,0,0,0,2
2343,0,0,0,2
2344,0,0,0,2
2345,0,0,0,2
2346,0,0,0,2
2347,0,2,0,2
2348,0,1,0,2
2349,0,1,0,2
2350,0,1,0,2
2351,0,1,0,2
2352,0,1,0,2
2353,0,1,0,2
2354,0,1,0,2
2355,0,1,0,2
2356,0,0,0,2
2357,0,1,0,2
2358,0,1,0,2
2359,0,1,0,2
2360,0,0,0,2
2361,0,0,0,2
2362,0,0,0,2
2363,0,0,0,2
2364,0,0,0,2
2365,0,0,0,2
2366,0,0,0,2
2367,0,0,0,2
2368,0,0,0,2
2369,0,0,0,2
2370,0,0,0,2
2371,0,0,0,2
2372,0,0,0,2
2373,0,0,0,2
2374,0,0,0,2
2375,0,0,0,2
2376,0,0,0,2
2377,0,0,0,2
2378,0,0,0,2
2379,0,0,0,2
2380,0,0,0,2
2381,0,0,0,2
2382,0,0,0,2
2383,0,0,0,2
2384,0,0,0,2
2385,0,0,0,2
2386,0,0,0,2
2387,0,0,0,2
2388,0,0,0,2
2389,0,0,0,2
2390,0,0,0,2
2391,0,0,0,2
2392,0,0,0,2
2393,0,0,0,2
2394,0,0,0,2
2395,0,0,0,2
2396,0,0,0,2
2397,0,0,0,2
2398,0,0,0,2
2399,0,0,0,2
2400,0,0,0,2
2401,0,0,0,2
2402,0,0,0,2
2403,0,0,0,1
2404,0,0,0,1
2405,0,0,0,1
2406,0,0,0,1
2407,0,0,0,2
2408,0,0,0,2
2409,0,0,0,2
2410,0,0,0,2
2411,0,0,0,2
2412,0,0,0,2
2413,0,0,0,2
2414,0,0,0,2
2415,0,0,0,2
2416,0,0,0,2
2417,0,0,0,2
2418,0,0,0,2
2419,0,0,0,2
2420,0,0,0,2
2421,0,0,0,1
2422,0,0,0,1
2423,0,0,0,1
2424,0,0,0,1
2425,0,0,0,1
2426,0,0,0,1
2427,0,0,0,2
2428,0,0,0,2
2429,1,0,0,1
2430,0,0,0,1
2431,0,0,0,1
2432,0,0,0,1
2433,0,0,0,1
2434,0,0,0,1
2435,0,0,0,1
2436,0,0,0,1
2437,0,0,0,1
2438,0,0,0,1
2439,0,0,0,1
2440,0,1,0,1
2441,0,1,0,1
2442,0,2,0,1
2443,0,1,0,1
2444,0,2,0,2
2445,0,1,0,1
2446,0,2,0,2
2447,0,1,0,3
2448,0,2,0,2
2449,0,1,0,2
2450,1,1,0,3
2451,0,2,0,3
2452,0,1,0,2
2453,0,1,0,2
2454,0,1,0,1
2455,0,1,0,2
2456,0,0,0,3
2457,0,0,0,3
2458,0,1,0,3
2459,0,1,0,3
2460,0,0,0,4
2461,0,0,0,4
2462,0,0,0,4
2463,0,0,0,4
2464,0,1,0,3
2465,1,0,0,4
2466,0,0,0,2
2467,0,1,0,3
2468,1,0,0,3
2469,1,0,0,2
2470,0,0,0,3
2471,0,1,0,4
2472,0,0,0,3
2473,1,0,0,4
2474,0,1,0,4
2475,0,0,0,4
2476,0,1,0,2
2477,0,0,0,3
2478,0,0,0,3
2479,0,1,0,2
2480,0,0,0,3
2481,0,2,0,2
2482,0,0,0,2
2483,0,0,0,3
2484,0,0,0,2
2485,0,0,0,2
2486,0,0,0,2
2487,0,0,0,2
2488,0,1,0,2
2489,0,0,0,2
2490,0,0,0,3
2491,0,1,0,2
2492,0,1,0,2
2493,0,1,0,2
2494,0,3,0,2
2495,0,1,0,2
2496,0,2,0,2
2497,0,1,0,3
2498,0,1,0,3
2499,0,3,0,4
2500,0,2,0,2
2501,0,2,0,3
2502,0,1,0,2
2503,0,1,0,3
2504,0,2,0,3
2505,0,1,0,2
2506,0,2,0,3
2507,0,1,0,3
2508,0,2,0,3
2509,0,2,0,3
2510,0,1,0,3
2511,0,3,0,2
2512,0,3,0,2
2513,0,2,0,2
2514,0,2,0,2
2515,0,2,0,2
2516,0,3,0,2
2517,0,2,0,2
2518,0,2,0,2
2519,0,4,0,2
2520,0,2,0,2
2521,0,2,0,2
2522,0,3,0,2
2523,0,2,0,3
2524,0,2,0,3
2525,0,2,0,3
2526,0,2,0,3
2527,0,3,0,3
2528,0,2,0,2
2529,0,2,0,3
2530,0,2,0,3
2531,0,3,0,3
2532,0,4,0,2
2533,0,3,0,3
2534,0,2,0,2
2535,0,3,0,2
2536,0,4,0,2
2537,0,5,0,2
2538,0,2,0,2
2539,0,3,0,2
2540,0,3,0,2
2541,0,2,0,2
2542,0,2,0,2
2543,0,2,0,2
2544,0,3,0,2
2545,0,3,0,2
2546,0,4,0,2
2547,0,2,0,4
2548,0,2,0,5
2549,0,1,0,3
2550,0,2,0,3
2551,0,2,0,5
2552,0,2,0,2
2553,0,3,0,3
2554,1,2,0,2
2555,0,2,0,3
2556,1,1,0,4
2557,0,4,0,3
2558,0,2,0,4
2559,1,3,0,4
2560,2,2,0,4
2561,1,1,0,3
2562,0,3,0,3
2563,0,1,0,3
2564,0,1,0,4
2565,0,1,0,4
2566,0,2,0,4
2567,0,1,0,4
2568,0,1,0,3
2569,0,1,0,3
2570,0,1,0,4
2571,0,1,0,3
2572,0,2,0,3
2573,0,1,0,4
2574,0,1,0,3
2575,0,1,0,4
2576,0,2,0,3
2577,0,3,0,4
2578,0,2,0,3
2579,0,2,0,4
2580,0,2,0,4
2581,0,3,0,4
2582,0,2,0,4
2583,0,2,0,4
2584,0,1,0,3
2585,0,3,0,3
2586,0,2,0,3
2587,1,2,0,3
2588,0,2,0,2
2589,1,2,0,2
2590,0,3,0,2
2591,1,2,0,2
2592,1,1,0,3
2593,0,2,0,2
2594,0,2,0,2
2595,0,3,0,2
2596,0,2,0,2
2597,2,1,0,2
2598,0,4,0,1
2599,0,4,0,1
2600,0,3,0,1
2601,0,2,0,1
2602,0,2,0,1
2603,0,1,0,1
2604,0,1,0,1
2605,0,2,0,1
2606,0,2,0,1
2607,0,2,0,1
2608,0,2,0,1
2609,0,2,0,1
2610,0,2,0,2
2611,0,2,0,2
2612,0,2,0,2
2613,0,2,0,2
2614,0,2,0,2
2615,0,2,0,2
2616,0,2,0,2
2617,0,2,0,2
2618,0,2,0,3
2619,0,1,0,2
2620,0,0,0,2
2621,0,1,0,2
2622,0,0,0,2
2623,1,0,0,2
2624,1,0,0,2
2625,1,0,0,3
2626,1,0,0,3
2627,1,0,0,3
2628,1,0,0,3
2629,1,0,0,4
2630,1,0,0,3
2631,1,0,0,3
2632,1,0,0,3
2633,1,0,0,3
2634,2,0,0,1
2635,1,0,0,4
2636,1,0,0,4
2637,1,0,0,5
2638,1,0,0,3
2639,1,0,0,3
2640,1,0,0,3
2641,1,0,0,3
2642,2,0,0,3
2643,1,0,0,3
2644,1,0,0,4
2645,1,0,0,4
2646,1,0,0,4
2647,1,0,0,3
2648,2,0,0,3
2649,2,0,0,3
2650,1,0,0,4
2651,2,0,0,3
2652,1,0,0,4
2653,2,0,0,4
2654,1,0,0,4
2655,1,0,0,4
2656,2,0,0,4
2657,1,0,0,4
2658,1,0,0,4
2659,1,0,0,5
2660,1,0,0,5
2661,2,0,0,3
2662,1,0,0,5
2663,2,0,0,4
2664,1,0,0,4
2665,2,0,0,3
2666,2,1,0,3
2667,2,0,0,3
2668,2,0,0,3
2669,2,0,0,3
2670,2,0,0,3
2671,1,0,0,4
2672,2,0,0,4
2673,2,0,0,4
2674,1,0,0,4
2675,1,0,0,4
2676,1,0,0,3
2677,1,0,0,5
2678,2,0,0,3
2679,1,0,0,5
2680,1,0,0,4
2681,3,0,0,4
2682,1,0,0,3
2683,1,0,0,3
2684,2,0,0,4
2685,1,0,0,3
2686,2,0,0,5
2687,1,0,0,5
2688,1,0,0,4
2689,1,0,0,4
2690,1,0,0,4
2691,1,0,0,4
2692,2,0,0,4
2693,2,2,0,4
2694,1,0,0,4
2695,2,0,0,4
2696,1,0,0,3
2697,1,0,0,4
2698,1,0,0,4
2699,2,0,0,4
2700,2,0,0,4
2701,0,0,0,3
2702,0,0,0,4
2703,0,0,0,3
2704,1,0,0,4
2705,0,0,0,4
2706,0,0,0,4
2707,0,0,0,4
2708,1,0,0,4
2709,0,0,0,4
2710,0,1,0,4
2711,0,1,0,3
2712,0,0,0,5
2713,1,0,0,4
2714,0,1,0,4
2715,0,1,0,4
2716,0,1,0,4
2717,1,0,0,4
2718,0,0,0,3
2719,0,0,0,4
2720,0,0,0,4
2721,0,0,0,4
2722,0,0,0,4
2723,0,0,0,5
2724,0,0,0,4
2725,0,1,0,4
2726,1,1,0,4
2727,0,1,0,4
2728,1,0,0,4
2729,0,1,0,5
2730,0,1,0,4
2731,0,1,0,4
2732,1,2,0,4
2733,0,1,0,4
2734,2,1,0,4
2735,0,3,0,5
2736,1,3,0,4
2737,1,2,0,4
2738,2,3,0,3
2739,1,2,0,2
2740,1,1,0,2
2741,2,3,0,3
2742,2,1,0,3
2743,2,3,0,2
2744,1,2,0,3
2745,1,2,0,3
2746,1,2,0,4
2747,2,3,0,4
2748,1,2,0,2
2749,0,3,0,4
2750,1,3,0,2
2751,1,3,0,3
2752,0,3,0,4
2753,1,3,0,4
2754,1,2,0,4
2755,1,2,0,3
2756,1,2,0,3
2757,1,2,0,4
2758,1,2,0,4
2759,1,2,0,4
2760,1,3,0,3
2761,1,3,0,4
2762,1,3,0,3
2763,0,1,0,4
2764,1,1,0,4
2765,1,1,0,2
2766,1,1,0,2
2767,1,2,0,3
2768,1,3,0,2
2769,1,1,0,2
2770,1,2,0,3
2771,1,2,0,2
2772,1,3,0,3
2773,2,2,0,3
2774,1,1,0,1
2775,1,3,0,2
2776,1,3,0,2
2777,1,2,0,2
2778,1,2,0,2
2779,1,3,0,1
2780,1,1,0,1
2781,1,4,0,1
2782,1,3,0,1
2783,1,3,0,1
2784,1,4,0,1
2785,1,4,0,1
2786,1,3,0,1
2787,1,2,0,1
2788,1,4,0,1
2789,1,4,0,1
2790,1,3,0,1
2791,1,1,0,1
2792,1,3,0,1
2793,1,2,0,1
2794,1,5,0,2
2795,1,1,0,1
2796,1,4,0,1
2797,2,4,0,1
2798,2,2,0,1
2799,1,4,0,1
2800,1,2,0,0
2801,1,5,0,1
2802,2,3,0,1
2803,2,4,0,2
2804,2,4,0,3
2805,2,3,0,0
2806,2,3,0,0
2807,1,2,0,1
2808,2,4,0,0
2809,1,3,0,1
2810,1,3,0,0
2811,2,3,0,0
2812,3,3,0,0
2813,2,3,0,0
2814,2,4,0,0
2815,2,3,0,0
2816,3,3,0,0
2817,1,3,0,1
2818,2,2,0,1
2819,2,3,0,1
2820,2,2,0,1
2821,2,2,0,1
2822,2,2,0,0
2823,2,3,0,1
2824,1,2,0,0
2825,2,3,0,0
2826,2,3,0,0
2827,2,3,0,0
2828,2,3,0,0
2829,1,2,0,0
2830,2,3,0,1
2831,1,4,0,0
2832,1,2,0,0
2833,1,2,0,1
2834,1,2,0,1
2835,1,4,0,1
2836,1,2,0,0
2837,1,2,0,0
2838,1,2,0,0
2839,0,2,0,0
2840,0,2,0,0
2841,0,2,0,0
2842,0,2,0,1
2843,0,0,0,1
2844,0,1,0,0
2845,0,0,0,0
2846,0,1,0,0
2847,0,1,0,0
2848,0,1,0,0
2849,0,0,0,0
2850,0,1,0,0
2851,0,2,0,1
2852,0,2,0,1
2853,0,2,0,1
2854,0,1,0,1
2855,0,1,0,1
2856,0,1,0,1
2857,0,1,0,1
2858,0,2,0,1
2859,0,2,0,1
2860,0,3,0,1
2861,0,4,0,1
2862,0,2,0,1
2863,0,2,0,1
2864,0,2,0,1
2865,1,3,0,1
2866,0,2,0,1
2867,0,3,0,1
2868,0,3,0,1
2869,1,3,0,1
2870,1,3,0,1
2871,0,3,0,1
2872,0,3,0,1
2873,0,3,0,1
2874,0,2,0,1
2875,0,2,0,1
2876,1,2,0,1
2877,1,3,0,1
2878,0,4,0,1
2879,1,3,0,1
2880,1,4,0,0
2881,0,6,0,0
2882,1,6,0,1
2883,3,6,0,1
2884,0,7,0,0
2885,1,5,0,1
2886,0,5,0,1
2887,0,6,0,0
2888,0,7,0,1
2889,2,5,0,1
2890,2,7,0,2
2891,0,6,0,1
2892,0,5,0,2
2893,0,6,0,2
2894,0,6,0,2
2895,0,7,0,2
2896,0,4,0,2
2897,0,6,0,1
2898,0,8,0,1
2899,0,5,0,0
2900,0,4,0,0
2901,0,4,0,0
2902,0,5,0,0
2903,0,4,0,1
2904,0,4,0,0
2905,0,3,0,0
2906,0,3,0,0
2907,0,4,0,0
2908,0,5,0,0
2909,0,5,0,0
2910,0,4,0,0
2911,0,3,0,0
2912,0,4,0,0
2913,0,3,0,1
2914,0,3,0,2
2915,0,2,0,1
2916,0,2,0,2
2917,0,2,0,0
2918,2,3,0,1
2919,1,5,0,1
2920,0,4,0,1
2921,0,3,0,1
2922,0,3,0,1
2923,1,3,0,1
2924,2,3,0,2
2925,0,5,0,2
2926,1,6,0,0
2927,1,4,0,1
2928,1,4,0,1
2929,1,4,0,0
2930,0,3,0,1
2931,0,4,0,1
2932,1,3,0,1
2933,2,4,0,2
2934,3,3,0,2
2935,2,2,0,2
2936,2,2,0,2
2937,2,1,0,0
2938,3,4,0,0
2939,3,2,0,1
2940,2,3,0,1
2941,1,5,0,1
2942,0,3,0,1
2943,1,4,0,1
2944,0,4,0,1
2945,1,3,0,1
2946,1,4,0,2
2947,1,5,0,2
2948,1,4,0,2
2949,0,3,0,0
2950,0,4,0,2
2951,1,4,0,2
2952,1,2,0,2
2953,0,3,0,2
2954,0,3,0,1
2955,1,4,0,2
2956,1,3,0,2
2957,0,4,0,1
2958,0,3,0,1
2959,0,3,0,1
2960,0,2,0,1
2961,2,3,0,1
2962,3,2,0,1
2963,1,3,0,1
2964,1,4,0,1
2965,1,5,0,2
2966,1,4,0,2
2967,1,4,0,2
2968,1,4,0,2
2969,1,4,0,3
2970,1,4,0,3
2971,2,3,0,2
2972,1,2,0,2
2973,0,2,0,1
2974,0,2,0,1
2975,0,2,0,2
2976,0,2,0,1
2977,0,2,0,2
2978,0,2,0,1
2979,1,2,0,2
2980,0,2,0,2
2981,0,1,0,1
2982,1,1,0,2
2983,1,1,0,3
2984,0,1,0,2
2985,2,2,0,2
2986,2,2,0,3
2987,2,1,0,2
2988,2,3,0,2
2989,1,2,0,3
2990,2,2,0,2
2991,2,2,0,2
2992,2,2,0,2
2993,2,2,0,2
2994,1,2,0,3
2995,1,2,0,2
2996,1,2,0,3
2997,2,2,0,3
2998,1,2,0,3
2999,1,3,0,3
3000,1,1,1,2
3001,1,1,0,2
3002,2,1,0,3
3003,1,1,0,3
3004,1,1,0,3
3005,1,1,0,3
3006,1,2,0,3
3007,3,3,0,2
3008,2,2,0,2
3009,1,2,0,3
3010,2,2,0,3
3011,1,2,0,3
3012,1,3,0,3
3013,1,2,0,3
3014,2,1,0,3
3015,2,1,0,3
3016,1,1,0,3
3017,2,1,0,3
3018,1,1,0,3
3019,1,1,0,3
3020,1,1,0,3
3021,2,1,0,3
3022,1,1,0,3
3023,1,1,0,3
3024,1,1,0,3
3025,1,1,0,3
3026,1,1,0,3
3027,1,1,0,3
3028,2,1,0,3
3029,2,1,0,3
3030,2,1,0,3
3031,2,1,0,3
3032,3,2,0,3
3033,1,1,0,3
3034,1,2,0,3
3035,3,2,0,3
3036,3,2,0,3
3037,2,2,0,3
3038,3,2,0,3
3039,3,2,0,3
3040,3,2,0,3
3041,3,2,0,3
3042,3,1,0,3
3043,3,1,0,3
3044,3,1,0,4
3045,3,1,0,3
3046,3,1,0,4
3047,3,1,0,2
3048,3,1,0,3
3049,4,1,0,3
3050,3,1,0,4
3051,2,1,0,3
3052,2,2,0,2
3053,2,1,0,3
3054,1,1,0,4
3055,2,0,0,2
3056,3,2,0,3
3057,2,2,0,4
3058,1,1,0,3
3059,1,1,0,3
3060,1,2,0,3
3061,2,3,0,1
3062,2,1,0,3
3063,4,2,0,2
3064,2,1,0,3
3065,2,3,0,3
3066,3,3,0,3
3067,2,2,0,3
3068,2,3,0,3
3069,2,1,0,3
3070,2,2,0,3
3071,2,2,0,3
3072,2,2,0,3
3073,2,1,0,3
3074,2,1,0,3
3075,2,2,0,3
3076,2,2,0,3
3077,2,2,0,3
3078,2,2,0,3
3079,4,2,0,3
3080,4,2,0,3
3081,2,3,0,3
3082,3,2,0,3
3083,3,2,0,3
3084,3,3,0,3
3085,2,2,0,3
3086,3,2,0,3
3087,2,1,0,3
3088,2,1,0,3
3089,2,1,0,3
3090,2,1,0,3
3091,2,1,0,3
3092,3,1,0,2
3093,2,1,0,3
3094,3,1,0,3
3095,2,1,0,3
3096,3,1,0,2
3097,2,2,0,2
3098,2,1,0,2
3099,3,1,0,3
3100,2,2,0,2
3101,2,2,0,2
3102,2,4,0,2
3103,2,1,0,2
3104,2,2,0,2
3105,3,2,1,2
3106,2,2,1,2
3107,2,0,1,3
3108,2,2,1,2
3109,2,2,0,2
3110,2,4,1,2
3111,2,2,0,2
3112,2,2,0,2
3113,2,1,0,2
3114,2,1,0,2
3115,2,2,1,2
3116,2,2,1,2
3117,2,1,0,2
3118,2,1,1,2
3119,2,2,0,2
3120,2,1,1,2
3121,2,1,0,3
3122,2,1,1,2
3123,2,1,1,3
3124,2,1,0,3
3125,3,2,0,2
3126,3,2,0,2
3127,2,1,0,2
3128,2,2,0,2
3129,2,2,0,2
3130,2,2,0,2
3131,2,1,1,2
3132,2,2,0,2
3133,2,2,0,2
3134,2,1,1,2
3135,3,2,1,2
3136,2,2,0,2
3137,2,3,2,1
3138,2,2,1,2
3139,2,1,0,2
3140,2,2,0,1
3141,2,2,0,3
3142,2,2,1,3
3143,3,2,0,2
3144,2,2,1,2
3145,2,2,0,3
3146,2,2,0,2
3147,2,2,0,3
3148,2,2,0,2
3149,2,2,1,2
3150,2,2,0,2
3151,5,2,0,2
3152,4,2,0,2
3153,4,2,0,2
3154,4,1,0,2
3155,4,1,0,2
3156,4,2,0,2
3157,4,2,0,3
3158,4,2,0,2
3159,3,1,0,2
3160,3,2,0,2
3161,3,1,0,1
3162,3,2,0,2
3163,3,2,1,2
3164,4,2,0,2
3165,5,1,0,2
3166,4,2,0,1
3167,2,1,0,2
3168,4,1,0,2
3169,4,3,0,2
3170,4,2,0,2
3171,4,2,1,2
3172,4,3,0,2
3173,2,2,0,2
3174,3,2,0,1
3175,3,2,0,1
3176,3,3,0,1
3177,3,3,0,2
3178,3,4,0,2
3179,2,2,0,3
3180,3,2,0,4
3181,1,3,0,4
3182,1,2,0,2
3183,1,1,0,1
3184,1,2,0,3
3185,1,1,0,2
3186,2,2,0,4
3187,4,2,0,3
3188,2,2,0,2
3189,2,2,0,2
3190,2,1,0,1
3191,3,1,0,2
3192,3,1,0,2
3193,4,1,0,5
3194,3,1,0,4
3195,4,2,0,4
3196,4,1,0,5
3197,3,1,0,4
3198,2,1,0,5
3199,2,1,0,4
3200,3,1,0,3
3201,3,1,0,3
3202,2,1,0,4
3203,2,1,0,4
3204,2,1,0,3
3205,2,1,0,3
3206,2,1,0,3
3207,3,1,0,3
3208,2,0,0,3
3209,5,0,0,3
3210,3,0,0,3
3211,3,0,0,3
3212,3,0,0,3
3213,2,0,0,3
3214,2,0,0,4
3215,2,0,0,3
3216,2,0,0,3
3217,2,0,0,3
3218,2,0,0,3
3219,3,0,0,4
3220,3,0,0,3
3221,3,0,0,3
3222,3,0,0,4
3223,3,1,0,3
3224,3,1,0,4
3225,3,1,0,3
3226,3,1,0,3
3227,4,2,0,3
3228,4,1,0,3
3229,4,1,0,3
3230,3,1,0,3
3231,4,1,0,3
3232,3,1,0,3
3233,3,1,0,4
3234,4,1,0,4
3235,4,2,0,5
3236,4,1,0,3
3237,5,1,0,4
3238,4,2,0,4
3239,5,1,0,3
3240,4,1,0,3
3241,4,1,0,3
3242,5,1,0,3
3243,4,1,0,4
3244,4,0,0,4
3245,4,0,0,6
3246,4,0,0,4
3247,3,0,0,6
3248,3,0,0,3
3249,4,0,0,2
3250,4,0,0,2
3251,5,0,0,3
3252,5,0,0,3
3253,5,0,0,3
3254,5,0,0,1
3255,5,0,0,3
3256,4,0,0,2
3257,5,0,0,1
3258,5,0,0,2
3259,7,0,0,1
3260,5,1,0,2
3261,5,0,0,1
3262,4,0,0,1
3263,5,0,0,1
3264,3,0,0,2
3265,7,0,0,1
3266,6,0,0,1
3267,4,0,0,2
3268,3,0,0,1
3269,3,0,0,1
3270,3,0,0,2
3271,6,0,0,1
3272,5,0,0,1
3273,3,0,0,1
3274,4,0,0,2
3275,5,0,0,1
3276,5,0,0,1
3277,3,0,0,2
3278,2,0,0,2
3279,3,0,0,2
3280,4,0,0,2
3281,3,0,0,3
3282,3,0,0,3
3283,4,0,0,4
3284,4,0,0,4
3285,4,0,0,3
3286,5,0,0,3
3287,4,0,0,3
3288,4,0,0,3
3289,3,0,0,3
3290,3,0,0,3
3291,4,0,0,3
3292,4,0,1,3
3293,3,0,1,3
3294,4,0,1,3
3295,4,0,0,4
3296,3,0,0,4
3297,3,0,0,3
3298,1,0,1,3
3299,2,0,1,4
3300,3,0,1,3
3301,3,0,1,4
3302,3,0,1,5
3303,4,0,1,4
3304,3,0,1,3
3305,2,0,1,4
3306,2,0,0,4
3307,2,0,0,4
3308,2,0,1,4
3309,2,0,1,3
3310,2,0,0,3
3311,2,0,0,3
3312,2,0,0,3
3313,2,0,1,4
3314,2,0,2,3
3315,2,0,1,3
3316,2,0,2,3
3317,1,0,2,3
3318,3,0,3,3
3319,4,0,1,3
3320,3,0,2,3
3321,3,0,1,3
3322,3,0,1,3
3323,3,1,0,4
3324,2,1,0,4
3325,3,1,1,3
3326,3,1,0,2
3327,2,1,0,2
3328,2,1,0,1
3329,2,1,0,3
3330,2,1,0,2
3331,3,1,0,3
3332,3,1,0,2
3333,3,1,0,3
3334,4,1,0,3
3335,3,1,1,3
3336,2,1,1,3
3337,4,1,0,5
3338,4,1,0,4
3339,6,1,0,2
3340,6,1,0,2
3341,5,1,0,3
3342,5,1,0,2
3343,3,1,0,3
3344,4,1,0,3
3345,4,1,0,3
3346,2,1,0,4
3347,4,1,0,3
3348,4,1,0,4
3349,4,1,0,3
3350,3,1,0,3
3351,4,1,0,3
3352,4,1,0,3
3353,4,1,1,3
3354,4,1,1,3
3355,2,1,1,3
3356,4,1,1,3
3357,4,1,1,3
3358,5,1,1,3
3359,3,1,1,2
3360,4,1,1,1
3361,5,1,1,2
3362,5,1,2,2
3363,5,1,1,3
3364,7,1,1,2
3365,6,2,1,2
3366,6,1,1,2
3367,4,1,1,3
3368,5,2,1,3
3369,6,1,1,3
3370,5,1,1,2
3371,5,1,1,1
3372,5,1,1,1
3373,6,1,0,2
3374,5,1,1,3
3375,4,2,0,3
3376,3,1,1,2
3377,5,2,1,3
3378,5,1,0,1
3379,3,2,1,2
3380,3,1,1,2
3381,3,1,1,1
3382,3,1,1,2
3383,3,1,1,1
3384,4,2,1,1
3385,3,2,1,2
3386,2,2,1,2
3387,3,1,1,3
3388,4,2,1,3
3389,3,1,1,3
3390,4,2,1,3
3391,2,1,1,3
3392,4,1,1,3
3393,4,1,1,3
3394,6,1,1,2
3395,5,1,1,1
3396,5,1,1,3
3397,5,1,1,2
3398,5,1,1,2
3399,6,1,1,3
3400,5,1,1,2
3401,6,1,1,4
3402,7,1,0,2
3403,8,1,1,1
3404,7,1,1,2
3405,7,1,1,0
3406,7,1,1,2
3407,7,1,1,2
3408,7,1,1,2
3409,6,1,1,2
3410,4,1,0,2
3411,6,1,1,1
3412,5,1,1,2
3413,6,1,1,2
3414,5,1,1,2
3415,4,1,1,3
3416,4,1,1,3
3417,3,1,1,2
3418,3,2,1,2
3419,3,2,1,3
3420,3,2,1,3
3421,5,1,0,3
3422,4,1,0,3
3423,4,2,1,3
3424,3,2,0,3
3425,3,2,0,3
3426,3,1,1,3
3427,4,1,1,3
3428,6,2,1,3
3429,5,1,0,2
3430,6,2,1,1
3431,6,1,1,2
3432,6,1,0,2
3433,4,1,2,3
3434,6,1,0,3
3435,6,1,0,3
3436,6,1,3,2
3437,6,1,1,2
3438,6,1,0,2
3439,7,1,0,2
3440,7,1,0,2
3441,7,1,0,3
3442,7,1,0,2
3443,7,2,0,1
3444,5,1,1,2
3445,4,2,1,1
3446,4,1,1,2
3447,4,1,2,2
3448,4,1,2,1
3449,4,2,1,2
3450,4,2,1,1
3451,4,1,1,2
3452,4,2,1,1
3453,4,1,2,1
3454,4,1,2,1
3455,4,2,1,1
3456,5,1,2,1
3457,4,1,1,1
3458,5,1,2,0
3459,5,1,2,1
3460,5,1,2,0
3461,5,1,2,1
3462,6,1,1,1
3463,5,1,2,1
3464,5,1,2,1
3465,5,2,0,1
3466,5,2,0,1
3467,5,2,1,1
3468,5,0,1,2
3469,6,1,0,2
3470,6,1,0,2
3471,6,1,0,1
3472,5,1,0,1
3473,5,0,0,2
3474,5,1,0,2
3475,5,0,0,2
3476,3,1,0,2
3477,4,1,0,2
3478,5,0,0,2
3479,6,1,1,1
3480,6,1,0,2
3481,6,1,0,2
3482,2,1,0,1
3483,2,1,0,2
3484,2,1,0,2
3485,5,0,0,2
3486,2,1,0,2
3487,5,1,0,2
3488,4,1,0,2
3489,4,0,0,2
3490,4,1,0,2
3491,5,0,0,1
3492,4,1,0,2
3493,4,1,0,1
3494,4,1,0,1
3495,4,1,0,2
3496,3,1,0,2
3497,2,1,0,0
3498,2,2,0,0
3499,3,3,0,1
3500,3,3,0,1
3501,3,1,0,1
3502,2,1,0,1
3503,3,1,0,1
3504,3,2,0,1
3505,3,1,0,1
3506,3,2,0,1
3507,2,2,0,1
3508,2,1,0,1
3509,1,1,0,1
3510,1,1,0,1
3511,2,1,0,1
3512,3,1,0,0
3513,2,1,0,1
3514,3,1,0,1
3515,3,1,0,1
3516,2,3,0,1
3517,2,2,0,1
3518,2,2,0,1
3519,1,2,0,1
3520,1,3,0,1
3521,2,3,0,1
3522,2,4,0,1
3523,2,5,0,1
3524,2,4,0,1
3525,5,4,0,0
3526,2,4,0,1
3527,2,3,0,1
3528,1,3,0,1
3529,2,2,0,1
3530,2,2,0,1
3531,3,3,0,1
3532,1,3,0,1
3533,2,1,0,1
3534,2,1,0,1
3535,3,0,1,0
3536,2,1,1,0
3537,3,2,0,0
3538,2,2,0,0
3539,2,1,0,0
3540,3,2,0,0
3541,3,3,0,0
3542,3,3,0,0
3543,3,3,0,0
3544,1,3,0,1
3545,1,3,0,0
3546,1,4,0,0
3547,1,3,0,1
3548,1,2,0,1
3549,1,3,0,0
3550,1,2,0,0
3551,1,2,0,1
3552,2,2,0,1
3553,1,2,0,1
3554,1,3,0,1
3555,1,2,0,1
3556,1,1,0,1
3557,0,1,0,1
3558,0,1,0,1
3559,1,1,0,1
3560,1,2,0,1
3561,1,1,0,1
3562,2,1,0,1
3563,3,1,0,1
3564,3,1,0,1
3565,3,3,0,0
3566,3,1,0,1
3567,3,3,0,1
3568,1,4,0,1
3569,1,3,0,1
3570,0,3,0,1
3571,2,3,0,0
3572,0,2,0,1
3573,0,2,0,0
3574,0,2,0,0
3575,0,1,0,0
3576,0,2,0,0
3577,0,2,0,0
3578,0,2,0,1
3579,0,2,0,1
3580,1,3,0,1
3581,2,3,0,0
3582,2,1,0,0
3583,2,2,0,0
3584,3,2,0,0
3585,2,3,0,0
3586,2,3,0,0
3587,3,3,0,0
3588,3,3,0,0
3589,2,3,0,0
3590,1,3,0,0
3591,1,3,0,0
3592,1,3,0,0
3593,3,3,0,0
3594,2,3,0,0
3595,1,1,0,1
3596,2,4,0,1
3597,1,2,0,1
3598,3,3,0,1
3599,4,3,0,1
3600,3,3,0,1
3601,2,3,0,0
3602,1,3,0,0
3603,2,4,0,0
3604,2,3,0,0
3605,2,3,0,0
3606,2,3,0,0
3607,2,3,0,0
3608,2,3,0,0
3609,1,3,0,0
3610,1,3,0,0
3611,0,4,0,0
3612,2,3,0,0
3613,0,3,0,1
3614,1,3,0,1
3615,1,3,0,0
3616,0,4,0,0
3617,2,4,0,0
3618,1,4,0,0
3619,0,4,0,0
3620,1,4,0,0
3621,2,3,0,1
3622,1,3,0,0
3623,1,3,0,1
3624,1,3,0,1
3625,0,3,0,1
3626,0,5,0,1
3627,1,4,0,0
3628,1,2,0,0
3629,0,2,0,0
3630,1,3,0,0
3631,2,3,0,0
3632,1,3,0,0
3633,0,5,0,0
3634,0,2,0,0
3635,0,2,0,0
3636,0,3,0,0
3637,0,3,0,0
3638,0,3,0,0
3639,0,2,0,0
3640,1,2,0,0
3641,1,2,0,0
3642,1,3,0,0
3643,1,2,0,0
3644,1,2,0,0
3645,2,2,0,0
3646,2,2,0,0
3647,2,2,0,0
3648,1,2,0,0
3649,1,2,0,0
3650,1,2,0,0
3651,2,2,0,0
3652,1,2,0,0
3653,1,1,0,0
3654,1,2,0,0
3655,3,3,0,0
3656,1,2,0,0
3657,2,2,0,0
3658,1,2,0,0
3659,1,2,0,0
3660,1,2,0,0
3661,1,2,0,0
3662,1,2,0,0
3663,1,2,0,0
3664,1,2,0,0
3665,1,2,0,0
3666,1,2,0,0
3667,1,2,0,0
3668,0,2,0,0
3669,1,2,0,0
3670,1,2,0,0
3671,2,2,0,0
3672,2,2,0,0
3673,1,2,0,0
3674,1,2,0,0
3675,1,2,0,0
3676,1,2,0,0
3677,1,1,0,0
3678,1,1,0,0
3679,1,2,0,0
3680,1,1,0,0
3681,1,1,0,0
3682,1,1,0,0
3683,1,1,0,0
3684,1,1,0,0
3685,1,1,0,0
3686,1,1,0,0
3687,1,1,0,0
3688,1,1,0,0
3689,1,1,0,0
3690,0,1,0,0
3691,1,1,0,0
3692,1,2,0,0
3693,1,2,0,0
3694,1,3,0,0
3695,1,2,0,0
3696,1,2,0,0
3697,1,3,0,0
3698,1,2,0,0
3699,1,2,0,0
3700,1,2,0,0
3701,0,3,0,0
3702,0,3,0,0
3703,0,2,0,0
3704,0,2,0,0
3705,0,2,0,0
3706,0,2,0,0
3707,0,2,0,0
3708,0,2,0,0
3709,0,3,0,0
3710,0,2,0,0
3711,0,3,0,0
3712,0,3,0,0
3713,0,3,0,0
3714,0,2,0,0
3715,0,2,0,0
3716,0,2,0,0
3717,0,1,0,0
3718,0,2,0,0
3719,0,2,0,0
3720,0,1,0,0
3721,0,2,0,0
3722,0,1,0,0
3723,0,1,0,0
3724,0,1,0,0
3725,0,1,0,0
3726,0,1,0,0
3727,0,1,0,0
3728,0,2,0,0
3729,0,1,0,0
3730,0,2,0,0
3731,0,2,0,0
3732,0,1,0,0
3733,0,1,0,0
3734,0,1,0,0
3735,0,2,0,0
3736,0,1,0,0
3737,0,1,0,0
3738,0,1,0,0
3739,0,2,0,0
3740,0,1,0,0
3741,0,1,0,0
3742,0,1,0,0
3743,0,1,0,0
3744,0,1,0,0
3745,0,1,0,0
3746,0,1,0,0
3747,0,1,0,0
3748,0,1,0,0
3749,0,1,0,0
3750,0,1,0,0
3751,2,1,0,0
3752,1,1,0,0
3753,1,2,0,0
3754,1,1,0,0
3755,2,1,0,0
3756,1,1,0,0
3757,2,1,0,0
3758,1,1,0,0
3759,1,1,0,0
3760,2,2,0,0
3761,1,1,0,0
3762,1,1,0,0
3763,1,1,0,0
3764,1,1,0,0
3765,2,1,0,0
3766,1,1,0,0
3767,2,1,0,0
3768,0,1,0,0
3769,1,2,0,0
3770,3,3,0,0
3771,3,2,0,0
3772,2,2,0,0
3773,0,1,0,0
3774,2,3,0,0
3775,4,2,0,0
3776,1,2,0,0
3777,2,1,0,0
3778,5,1,0,0
3779,3,2,0,0
3780,3,2,0,0
3781,4,2,0,0
3782,3,1,0,0
3783,1,1,0,0
3784,2,1,0,0
3785,4,1,0,0
3786,3,1,0,0
3787,2,1,0,0
3788,2,1,0,0
3789,2,1,0,0
3790,1,1,0,0
3791,2,1,0,0
3792,2,1,0,0
3793,2,1,0,0
3794,2,1,0,0
3795,3,1,0,0
3796,3,1,0,0
3797,3,1,0,0
3798,3,1,0,0
3799,3,1,0,0
3800,3,1,0,0
3801,2,1,0,0
3802,0,1,0,0
3803,1,1,0,0
3804,1,1,0,0
3805,2,1,0,0
3806,2,1,0,0
3807,2,1,0,0
3808,2,1,0,0
3809,2,1,0,0
3810,1,1,0,0
3811,2,1,0,0
3812,2,1,0,0
3813,2,1,0,0
3814,2,2,0,0
3815,2,2,0,0
3816,3,1,0,0
3817,3,1,0,0
3818,3,2,0,0
3819,4,1,0,0
3820,2,2,0,0
3821,2,1,0,0
3822,2,1,0,0
3823,2,1,0,0
3824,3,1,0,0
3825,3,2,0,0
3826,3,1,0,0
3827,2,1,0,0
3828,2,1,0,0
3829,2,1,0,0
3830,1,1,0,0
3831,2,2,0,0
3832,2,2,0,0
3833,2,2,0,0
3834,2,1,0,0
3835,2,2,0,0
3836,1,2,0,1
3837,2,1,0,1
3838,2,1,0,0
3839,2,1,0,0
3840,2,2,0,0
3841,2,2,0,0
3842,2,1,0,1
3843,3,1,0,1
3844,2,1,0,1
3845,3,1,0,1
3846,2,1,0,1
3847,3,1,0,1
3848,1,1,0,1
3849,2,1,0,1
3850,2,1,0,1
3851,0,1,0,1
3852,1,1,0,1
3853,2,1,0,1
3854,2,1,0,1
3855,4,1,0,1
3856,4,1,0,1
3857,3,1,0,1
3858,4,1,0,1
3859,2,1,0,1
3860,3,1,0,1
3861,2,0,0,1
3862,2,0,0,1
3863,2,0,0,1
3864,3,0,0,1
3865,2,0,0,1
3866,2,0,0,1
3867,2,0,0,1
3868,3,0,0,1
3869,3,0,0,1
3870,3,0,0,1
3871,3,0,0,1
3872,3,0,0,1
3873,2,0,0,1
3874,4,0,0,1
3875,4,0,0,1
3876,4,0,0,2
3877,3,0,0,1
3878,3,0,0,0
3879,3,0,0,1
3880,3,0,0,1
3881,3,0,0,2
3882,3,0,0,2
3883,4,0,0,2
3884,2,0,0,2
3885,2,0,0,2
3886,1,0,0,2
3887,1,0,0,2
3888,2,0,0,2
3889,0,0,0,2
3890,0,0,0,2
3891,0,0,0,2
3892,1,0,0,2
3893,1,0,0,2
3894,0,0,0,2
3895,0,0,0,2
3896,0,0,0,2
3897,0,0,0,2
3898,0,0,0,2
3899,0,0,0,2
3900,0,0,0,2
3901,0,0,0,2
3902,0,0,0,2
3903,0,0,0,2
3904,0,0,0,3
3905,0,0,0,2
3906,0,0,0,2
3907,0,0,0,2
3908,0,0,0,2
3909,0,0,0,2
3910,0,0,0,2
3911,0,0,0,3
3912,0,0,0,2
3913,1,0,0,2
3914,0,0,0,2
3915,1,0,0,2
3916,0,0,0,2
3917,0,0,0,2
3918,0,0,0,3
3919,0,0,0,3
3920,0,0,0,4
3921,1,0,0,3
3922,0,0,0,1
3923,0,1,0,2
3924,1,1,0,1
3925,0,0,0,3
3926,0,0,0,3
3927,1,1,0,3
3928,2,0,0,3
3929,0,1,0,3
3930,1,1,0,2
3931,1,1,0,2
3932,1,1,0,3
3933,1,1,0,3
3934,1,1,0,3
3935,1,1,0,3
3936,1,1,0,3
3937,1,1,0,2
3938,1,1,0,3
3939,1,1,0,3
3940,1,1,0,2
3941,1,1,0,3
3942,0,1,0,4
3943,2,1,0,4
3944,1,2,0,3
3945,1,1,0,3
3946,1,1,0,3
3947,1,1,0,3
3948,1,1,0,3
3949,1,1,0,3
3950,2,1,0,3
3951,4,1,0,3
3952,3,2,0,2
3953,2,1,0,3
3954,2,0,0,3
3955,2,0,0,3
3956,2,0,0,1
3957,2,0,0,2
3958,0,0,0,3
3959,1,0,0,3
3960,2,0,0,3
3961,1,0,0,2
3962,1,0,0,1
3963,1,0,0,2
3964,1,0,0,3
3965,1,0,0,2
3966,1,0,0,2
3967,2,0,0,2
3968,1,0,0,3
3969,1,0,0,3
3970,2,0,0,2
3971,1,0,0,3
3972,2,0,0,3
3973,2,0,0,2
3974,1,0,0,2
3975,1,0,0,3
3976,2,0,0,3
3977,2,0,0,1
3978,3,0,0,2
3979,3,0,0,2
3980,3,0,0,2
3981,3,0,0,3
3982,3,0,0,2
3983,2,0,0,2
3984,2,0,0,2
3985,3,0,0,1
3986,2,0,0,2
3987,2,0,0,3
3988,2,0,0,2
3989,1,0,0,1
3990,3,0,0,2
3991,2,0,0,3
3992,3,0,0,3
3993,3,0,0,2
3994,2,1,0,3
3995,1,1,0,3
3996,2,0,0,3
3997,3,0,0,3
3998,2,0,0,3
3999,2,0,0,3
4000,2,0,0,3
4001,2,1,0,3
4002,2,0,0,2
4003,2,0,0,2
4004,2,0,0,3
4005,4,0,0,3
4006,3,3,0,2
4007,3,2,0,1
4008,3,3,0,3
4009,3,3,0,3
4010,2,2,0,4
4011,2,1,0,3
4012,3,1,0,3
4013,2,3,0,4
4014,2,5,0,3
4015,2,4,0,3
4016,2,2,0,2
4017,2,3,0,3
4018,1,5,0,2
4019,2,3,0,2
4020,4,2,0,2
4021,2,2,0,3
4022,2,4,0,2
4023,2,3,0,0
4024,2,2,0,1
4025,2,2,0,1
4026,2,2,0,3
4027,4,2,0,3
4028,3,2,0,1
4029,1,3,0,3
4030,3,3,0,1
4031,1,2,0,2
4032,3,3,0,0
4033,2,2,0,1
4034,3,4,0,0
4035,2,3,0,1
4036,2,3,0,0
4037,1,3,0,2
4038,2,3,0,0
4039,1,2,0,0
4040,1,3,0,0
4041,2,2,0,2
4042,2,3,0,0
4043,2,2,0,0
4044,2,3,0,0
4045,2,3,0,2
4046,1,3,0,3
4047,1,4,0,1
4048,2,3,0,0
4049,3,3,0,1
4050,3,3,0,1
4051,3,3,0,1
4052,3,4,0,1
4053,3,3,0,1
4054,2,4,0,1
4055,3,4,0,1
4056,1,5,0,1
4057,1,4,0,1
4058,2,4,0,1
4059,2,5,0,1
4060,1,5,0,1
4061,1,5,0,1
4062,1,3,0,1
4063,1,3,0,1
4064,1,4,0,1
4065,1,4,0,1
4066,1,3,0,2
4067,0,2,0,1
4068,1,2,0,1
4069,1,2,0,1
4070,1,2,0,1
4071,0,2,0,1
4072,3,2,0,1
4073,1,2,0,1
4074,1,2,0,1
4075,1,2,0,1
4076,2,2,0,1
4077,2,2,0,1
4078,4,2,0,2
4079,3,3,0,1
4080,3,2,0,1
4081,3,2,0,1
4082,4,2,0,1
4083,3,2,0,2
4084,3,2,0,2
4085,2,2,0,2
4086,2,2,0,2
4087,1,3,0,2
4088,1,3,0,2
4089,1,2,0,2
4090,2,1,0,2
4091,1,2,0,3
4092,1,2,0,2
4093,2,2,0,2
4094,2,2,0,2
4095,1,3,0,3
4096,2,2,0,3
4097,1,2,0,2
4098,2,3,0,3
4099,2,2,0,4
4100,3,2,0,3
4101,1,2,0,2
4102,3,1,0,3
4103,4,2,0,2
4104,2,2,0,2
4105,2,3,0,2
4106,3,2,0,2
4107,3,3,0,2
4108,2,1,0,2
4109,2,1,0,2
4110,2,1,0,2
4111,2,1,0,3
4112,2,2,0,3
4113,2,1,0,3
4114,2,1,0,3
4115,3,1,0,3
4116,2,1,0,3
4117,3,1,0,3
4118,3,1,0,3
4119,2,1,0,3
4120,3,1,0,4
4121,2,1,0,3
4122,2,1,1,3
4123,2,2,0,3
4124,3,1,0,3
4125,3,1,0,3
4126,4,2,0,3
4127,3,1,0,3
4128,3,2,0,3
4129,2,1,0,3
4130,3,1,0,2
4131,3,2,0,2
4132,4,3,0,2
4133,3,2,0,2
4134,4,3,0,2
4135,3,2,0,2
4136,2,2,0,2
4137,0,2,0,3
4138,0,2,0,2
4139,0,3,0,2
4140,2,3,0,2
4141,0,3,0,2
4142,1,3,0,2
4143,0,3,0,2
4144,0,3,0,2
4145,1,4,0,2
4146,2,3,0,2
4147,4,3,0,2
4148,1,3,0,2
4149,2,4,0,2
4150,3,3,0,2
4151,0,3,0,2
4152,0,4,0,3
4153,2,3,0,2
4154,1,3,0,2
4155,1,2,0,2
4156,1,2,0,2
4157,3,2,0,2
4158,3,2,0,2
4159,3,2,0,1
4160,2,2,0,2
4161,1,2,0,2
4162,2,2,0,2
4163,2,2,0,2
4164,2,2,0,2
4165,2,2,0,2
4166,3,2,0,2
4167,1,2,0,3
4168,2,2,0,2
4169,1,2,0,1
4170,1,2,0,1
4171,1,2,0,2
4172,1,2,0,1
4173,1,2,0,1
4174,3,2,0,1
4175,2,3,0,1
4176,2,3,0,1
4177,3,3,0,1
4178,3,2,0,1
4179,3,2,0,2
4180,3,3,0,2
4181,3,2,0,1
4182,3,2,0,3
4183,3,2,0,1
4184,2,3,0,1
4185,2,2,0,1
4186,2,2,0,1
4187,2,1,0,2
4188,3,1,0,2
4189,3,1,0,2
4190,3,1,0,2
4191,2,2,0,2
4192,3,2,0,3
4193,2,2,0,2
4194,2,2,0,2
4195,2,2,0,4
4196,2,2,0,3
4197,2,2,0,2
4198,3,2,0,2
4199,3,1,0,2
4200,4,2,0,2
4201,4,2,0,2
4202,3,2,0,3
4203,3,2,0,2
4204,2,1,0,3
4205,1,1,0,3
4206,3,1,0,2
4207,3,2,0,3
4208,3,2,0,3
4209,3,1,0,2
4210,1,0,0,3
4211,2,1,0,2
4212,1,0,0,2
4213,1,1,0,2
4214,2,2,0,2
4215,1,1,0,2
4216,3,1,0,3
4217,2,2,0,3
4218,1,2,0,3
4219,3,2,0,2
4220,4,1,0,2
4221,2,1,0,3
4222,2,1,0,2
4223,1,2,0,3
4224,2,1,0,3
4225,2,1,0,2
4226,4,2,0,2
4227,2,1,0,3
4228,3,2,0,2
4229,3,1,0,2
4230,2,2,0,3
4231,3,2,0,2
4232,2,1,0,3
4233,1,1,0,3
4234,3,1,0,2
4235,3,2,0,3
4236,3,1,0,2
4237,3,1,0,2
4238,3,2,0,2
4239,2,1,0,2
4240,4,2,0,2
4241,2,2,0,4
4242,2,2,0,3
4243,1,1,0,3
4244,3,1,0,2
4245,4,1,0,3
4246,2,1,0,3
4247,3,1,0,3
4248,2,1,0,1
4249,3,1,0,4
4250,1,1,0,3
4251,3,2,1,3
4252,2,1,0,3
4253,4,1,0,3
4254,4,2,0,3
4255,5,1,0,1
4256,4,1,0,3
4257,2,1,0,3
4258,1,2,1,2
4259,4,1,0,4
4260,5,1,0,2
4261,5,2,0,2
4262,4,2,0,3
4263,5,1,0,3
4264,4,1,0,3
4265,4,2,0,0
4266,3,2,0,0
4267,5,1,0,0
4268,6,1,0,1
4269,4,1,0,0
4270,4,1,0,1
4271,4,1,0,1
4272,5,1,0,1
4273,3,1,0,4
4274,4,1,0,2
4275,5,1,0,1
4276,2,1,0,1
4277,3,1,0,1
4278,3,1,0,1
4279,1,1,0,2
4280,1,1,0,2
4281,0,1,0,2
4282,0,1,0,1
4283,0,1,0,3
4284,0,1,0,3
4285,1,2,0,3
4286,1,1,0,2
4287,2,2,0,3
4288,1,3,1,3
4289,2,3,0,2
4290,2,3,0,1
4291,1,2,0,2
4292,3,2,0,1
4293,1,2,0,1
4294,0,2,0,2
4295,1,3,0,3
4296,2,2,0,1
4297,4,2,0,2
4298,4,2,0,2
4299,4,2,0,1
4300,4,2,0,1
4301,3,2,0,2
4302,4,2,1,2
4303,3,2,1,1
4304,3,2,0,1
4305,2,2,0,2
4306,3,2,0,1
4307,3,2,0,1
4308,2,2,0,1
4309,4,2,0,2
4310,2,2,0,2
4311,2,2,0,2
4312,2,2,0,2
4313,2,2,0,1
4314,3,2,0,1
4315,4,2,0,1
4316,3,2,0,1
4317,4,2,0,2
4318,3,2,0,3
4319,2,3,0,3
4320,4,3,0,2
4321,3,2,0,3
4322,4,2,0,2
4323,5,5,0,2
4324,5,1,0,3
4325,5,2,0,3
4326,4,2,0,2
4327,3,2,0,1
4328,3,3,0,3
4329,5,3,0,3
4330,3,3,0,2
4331,3,3,0,2
4332,3,2,0,2
4333,2,2,0,3
4334,2,1,0,3
4335,1,1,0,4
4336,3,1,0,3
4337,2,1,0,3
4338,2,1,0,3
4339,3,1,0,4
4340,1,1,0,3
4341,2,1,0,4
4342,1,1,0,4
4343,2,2,0,2
4344,3,2,0,3
4345,2,1,0,2
4346,4,2,0,2
4347,1,2,0,3
4348,1,2,0,2
4349,1,2,0,3
4350,2,2,0,3
4351,2,2,0,3
4352,2,2,0,4
4353,3,2,0,3
4354,3,2,0,2
4355,2,2,0,3
4356,4,1,0,3
4357,4,2,0,3
4358,3,2,0,3
4359,2,2,0,3
4360,3,2,0,4
4361,4,2,0,3
4362,2,2,0,6
4363,4,2,1,3
4364,4,1,0,4
4365,4,2,0,2
4366,4,2,0,3
4367,5,2,0,1
4368,5,0,0,2
4369,5,0,0,3
4370,3,0,0,3
4371,4,0,0,3
4372,3,1,0,2
4373,3,0,0,2
4374,3,0,0,1
4375,3,0,0,2
4376,4,0,0,1
4377,4,0,0,2
4378,5,0,0,2
4379,3,0,0,3
4380,4,0,0,3
4381,3,0,0,2
4382,3,0,0,3
4383,4,0,0,2
4384,3,0,0,2
4385,3,1,0,1
4386,3,0,0,2
4387,4,2,0,4
4388,5,1,0,4
4389,3,3,0,3
4390,3,3,0,2
4391,4,2,0,1
4392,3,2,0,2
4393,3,1,0,4
4394,4,2,0,2
4395,4,1,0,4
4396,4,2,0,5
4397,5,2,0,2
4398,5,3,0,4
4399,6,1,0,2
4400,6,0,0,4
4401,2,1,0,1
4402,4,1,0,1
4403,1,1,0,3
4404,1,1,0,3
4405,1,1,0,3
4406,1,1,0,3
4407,2,1,0,4
4408,1,1,0,2
4409,1,0,0,2
4410,0,1,0,3
4411,3,0,0,4
4412,3,1,0,4
4413,1,0,0,5
4414,1,0,0,5
4415,1,1,0,3
4416,2,1,0,4
4417,1,1,1,3
4418,1,1,0,3
4419,2,0,0,3
4420,1,1,0,3
4421,2,0,1,2
4422,1,1,0,2
4423,2,0,0,2
4424,0,0,0,3
4425,0,1,0,3
4426,0,1,1,4
4427,1,1,0,3
4428,2,0,0,3
4429,2,1,0,3
4430,1,1,0,3
4431,1,1,0,3
4432,1,0,0,3
4433,0,0,0,4
4434,0,0,0,3
4435,0,1,0,3
4436,1,1,0,3
4437,1,1,0,3
4438,1,1,0,4
4439,1,1,0,3
4440,1,1,0,3
4441,0,1,0,3
4442,0,1,0,4
4443,0,1,0,3
4444,0,0,0,3
4445,1,1,0,2
4446,1,1,0,3
4447,2,1,0,2
4448,1,1,0,2
4449,0,0,0,3
4450,0,1,0,3
4451,2,1,0,2
4452,1,1,0,3
4453,0,1,0,2
4454,1,1,0,2
4455,0,1,0,2
4456,2,2,0,1
4457,0,2,0,2
4458,1,2,0,3
4459,1,2,0,2
4460,1,3,0,2
4461,1,3,0,1
4462,0,2,0,2
4463,1,3,0,2
4464,0,2,0,2
4465,0,2,0,1
4466,0,1,0,1
4467,0,1,0,2
4468,0,2,0,1
4469,0,1,0,1
4470,0,2,1,2
4471,0,1,1,3
4472,0,2,0,2
4473,0,2,0,1
4474,0,1,0,1
4475,0,1,0,1
4476,0,1,0,2
4477,0,2,0,1
4478,0,1,0,2
4479,0,1,0,2
4480,0,2,0,1
4481,0,1,0,2
4482,0,1,1,2
4483,0,1,0,1
4484,0,1,0,1
4485,0,1,1,2
4486,0,1,0,2
4487,0,1,1,1
4488,0,1,1,2
4489,0,1,1,2
4490,0,1,1,2
4491,0,1,0,2
4492,0,1,1,2
4493,0,1,1,1
4494,0,1,0,1
4495,1,1,1,0
4496,0,2,1,1
4497,0,2,1,1
4498,0,1,1,0
4499,0,1,1,1
4500,0,1,1,0
4501,0,1,1,0
4502,0,1,1,0
4503,0,2,1,0
4504,0,1,1,0
4505,0,2,1,0
4506,0,1,1,0
4507,0,2,1,0
4508,0,2,1,0
4509,0,2,1,0
4510,0,2,1,0
4511,0,2,1,0
4512,0,3,1,0
4513,0,2,1,0
4514,0,2,1,0
4515,0,2,1,0
4516,0,2,1,0
4517,0,3,1,0
4518,0,4,1,0
4519,0,4,1,0
4520,0,5,1,0
4521,0,4,1,0
4522,1,4,1,1
4523,0,4,1,0
4524,0,3,1,0
4525,0,4,1,0
4526,0,2,2,0
4527,0,4,1,0
4528,0,2,1,0
4529,0,2,2,0
4530,1,3,2,0
4531,0,3,1,0
4532,1,4,1,1
4533,0,3,1,1
4534,0,3,1,0
4535,0,3,1,0
4536,0,3,2,0
4537,0,4,1,0
4538,0,4,1,0
4539,1,3,1,0
4540,2,2,1,0
4541,1,4,1,0
4542,1,1,1,0
4543,1,0,1,0
4544,2,0,1,0
4545,1,0,1,0
4546,1,1,1,0
4547,1,1,1,0
4548,2,1,1,0
4549,2,1,1,0
4550,1,1,1,0
4551,2,1,1,0
4552,3,1,1,1
4553,2,1,1,1
4554,2,1,1,1
4555,2,0,1,1
4556,2,1,1,1
4557,2,1,1,1
4558,2,1,1,1
4559,2,1,1,0
4560,1,2,1,0
4561,1,2,1,0
4562,2,2,1,1
4563,2,1,1,0
4564,2,2,1,0
4565,2,2,1,0
4566,2,2,1,0
4567,2,2,1,0
4568,2,2,1,0
4569,3,1,1,0
4570,3,3,2,0
4571,3,0,1,0
4572,3,1,1,0
4573,2,2,1,1
4574,2,1,1,1
4575,2,2,1,1
4576,2,1,2,1
4577,2,1,1,1
4578,2,1,1,0
4579,2,1,1,0
4580,2,1,1,1
4581,3,1,1,0
4582,3,2,1,0
4583,3,1,1,1
4584,3,1,1,1
4585,3,1,1,1
4586,2,1,1,1
4587,3,2,1,1
4588,2,1,1,1
4589,3,1,1,1
4590,3,1,1,1
4591,4,1,1,0
4592,2,2,1,2
4593,4,1,1,0
4594,4,2,1,1
4595,4,1,1,1
4596,2,1,1,2
4597,5,1,1,2
4598,3,1,1,1
4599,2,1,1,1
4600,1,1,1,1
4601,2,1,1,1
4602,4,2,0,2
4603,4,1,1,1
4604,5,1,0,2
4605,5,1,0,2
4606,4,1,0,1
4607,3,1,0,1
4608,5,1,0,0
4609,4,1,0,1
4610,4,1,0,0
4611,4,1,0,0
4612,4,1,0,1
4613,5,1,0,1
4614,4,1,0,1
4615,2,1,0,1
4616,1,1,0,1
4617,2,1,0,1
4618,3,1,0,1
4619,2,0,0,1
4620,1,0,0,1
4621,0,0,0,1
4622,1,0,0,1
4623,0,0,0,1
4624,1,0,0,1
4625,3,0,0,1
4626,3,0,0,1
4627,1,0,0,1
4628,1,0,0,1
4629,1,0,0,1
4630,1,0,0,1
4631,2,0,0,1
4632,2,0,0,1
4633,2,0,0,1
4634,2,0,0,1
4635,1,0,0,1
4636,1,0,0,1
4637,1,0,0,2
4638,1,0,0,1
4639,1,0,0,1
4640,1,0,0,2
4641,2,0,0,2
4642,1,0,0,1
4643,1,0,0,1
4644,1,0,0,2
4645,1,0,0,1
4646,2,0,0,1
4647,2,0,0,1
4648,2,0,0,0
4649,1,0,0,1
4650,0,0,0,0
4651,1,0,0,0
4652,1,0,0,0
4653,1,0,0,0
4654,0,0,0,0
4655,0,0,0,0
4656,1,0,0,0
4657,1,0,0,0
4658,1,0,0,0
4659,1,0,0,0
4660,1,0,0,0
4661,1,0,0,0
4662,1,0,0,0
4663,0,0,0,0
4664,0,0,0,0
4665,2,0,0,0
4666,0,0,0,0
4667,1,0,0,0
4668,1,0,0,0
4669,1,0,0,0
4670,1,0,0,0
4671,0,0,0,0
4672,0,0,0,0
4673,1,0,0,0
4674,1,0,0,0
4675,2,0,0,0
4676,3,0,0,0
4677,1,0,0,0
4678,1,0,0,0
4679,1,0,0,0
4680,1,0,0,0
4681,1,0,0,0
4682,1,0,0,0
4683,2,0,0,0
4684,1,0,0,0
4685,2,0,0,0
4686,2,0,0,0
4687,1,0,0,0
4688,1,0,0,0
4689,1,0,0,0
4690,1,0,0,0
4691,3,0,0,0
4692,1,0,0,0
4693,1,0,0,0
4694,1,0,0,0
4695,1,0,0,0
4696,1,0,0,0
4697,1,0,0,0
4698,0,0,0,0
4699,1,0,0,0
4700,0,0,0,0
4701,0,0,0,0
4702,1,0,0,0
4703,1,0,0,0
4704,0,0,0,0
4705,0,0,0,0
4706,0,0,0,0
4707,1,0,0,0
4708,0,0,0,0
4709,0,0,0,0
4710,0,0,0,0
4711,0,0,0,0
4712,0,0,0,0
4713,0,0,0,0
4714,0,0,0,0
4715,0,0,0,0
4716,0,0,0,0
4717,0,0,0,0
4718,0,0,0,0
4719,0,0,0,0
4720,0,0,0,0
4721,0,0,0,0
4722,0,0,0,0
4723,0,0,0,0
4724,0,0,0,0
4725,0,0,0,0
4726,0,0,0,0
4727,0,0,0,0
4728,0,0,0,0
4729,0,0,0,0
4730,0,0,0,0
4731,0,0,0,0
4732,0,0,0,0
4733,0,0,0,0
4734,0,0,0,0
4735,0,0,0,0
4736,0,0,0,0
4737,0,0,0,0
4738,0,0,0,0
4739,0,0,0,0
4740,0,0,0,0
4741,0,0,0,0
4742,0,0,0,0
4743,0,0,0,0
4744,0,0,0,0
4745,0,0,0,0
4746,0,0,0,0
4747,0,0,0,0
4748,0,0,0,0
4749,0,0,0,0
4750,0,0,0,0
4751,0,0,0,0
4752,0,0,0,0
4753,0,0,0,0
4754,0,0,0,0
4755,0,0,0,0
4756,0,0,0,0
4757,0,0,0,0
4758,0,0,0,0
4759,0,0,0,0
4760,0,0,0,0
4761,0,0,0,0
4762,0,0,0,0
4763,0,0,0,0
4764,0,0,0,0
4765,0,0,0,0
4766,0,0,0,0
4767,1,0,0,0
4768,1,0,0,0
4769,0,0,0,0
4770,0,0,0,0
4771,0,0,0,0
4772,0,0,0,0
4773,0,0,0,0
4774,1,0,0,0
4775,1,0,0,0
4776,0,0,0,0
4777,0,0,0,0
4778,1,0,0,0
4779,0,0,0,0
4780,1,0,0,0
4781,1,0,0,0
4782,0,0,0,0
4783,0,0,0,0
4784,0,0,0,0
4785,1,0,0,0
4786,0,0,0,0
4787,0,0,0,0
4788,1,0,0,0
4789,0,0,0,0
4790,0,0,0,0
4791,0,0,0,0
4792,0,0,0,0
4793,0,0,0,0
4794,0,0,0,0
4795,0,0,0,0
4796,0,0,0,0
4797,0,0,0,0
4798,0,0,0,0
4799,0,0,0,0
4800,0,0,0,0
4801,0,0,0,0
4802,0,0,0,0
4803,0,0,0,0
4804,0,0,0,0
4805,0,0,0,0
4806,0,0,0,0
4807,0,0,0,0
4808,0,0,0,0
4809,0,0,0,0
4810,0,0,0,0
4811,0,0,0,0
4812,0,0,0,0
4813,0,0,0,0
4814,0,0,0,0
4815,0,0,0,0
4816,0,0,0,0
4817,0,0,0,0
4818,0,0,0,0
4819,0,0,0,0
4820,0,0,0,0
4821,0,0,0,0
4822,0,0,0,0
4823,0,0,0,0
4824,0,0,0,0
4825,0,0,0,0
4826,0,0,0,0
4827,0,1,0,0
4828,1,1,0,0
4829,0,1,0,0
4830,0,0,0,1
4831,0,0,0,1
4832,0,0,0,1
4833,1,0,0,1
4834,0,0,0,1
4835,1,0,0,1
4836,0,0,0,1
4837,0,0,0,1
4838,0,0,0,1
4839,0,0,0,1
4840,0,0,0,1
4841,0,0,0,1
4842,0,0,0,1
4843,0,0,0,1
4844,0,0,0,1
4845,0,0,0,1
4846,0,0,0,1
4847,0,0,0,1
4848,0,0,0,1
4849,0,0,0,1
4850,0,0,0,1
4851,0,0,0,1
4852,0,0,0,1
4853,0,0,0,1
4854,0,0,0,1
4855,0,0,0,1
4856,0,0,0,1
4857,0,0,0,1
4858,0,0,0,1
4859,0,0,0,1
4860,0,0,0,1
4861,0,0,0,1
4862,0,0,0,1
4863,0,0,0,1
4864,0,0,0,1
4865,0,0,0,1
4866,0,0,0,1
4867,0,0,0,1
4868,0,0,0,1
4869,0,0,0,1
4870,0,0,0,1
4871,0,0,0,1
4872,0,0,0,1
4873,0,0,0,1
4874,0,0,0,1
4875,0,0,0,1
4876,0,0,0,1
4877,0,0,0,1
4878,0,0,0,1
4879,0,0,0,1
4880,0,0,0,1
4881,0,0,0,1
4882,0,0,0,1
4883,0,0,0,1
4884,0,0,0,1
4885,0,0,0,1
4886,0,0,0,1
4887,1,0,0,1
4888,1,0,0,1
4889,1,0,0,1
4890,1,0,0,1
4891,1,0,0,1
4892,1,0,0,1
4893,1,0,0,1
4894,1,0,0,1
4895,1,0,0,1
4896,1,0,0,1
4897,1,0,0,1
4898,1,0,0,1
4899,1,0,0,1
4900,1,0,0,1
4901,1,0,0,1
4902,1,0,0,1
4903,1,0,0,1
4904,1,0,0,1
4905,1,0,0,1
4906,1,0,0,1
4907,1,0,0,1
4908,1,0,0,1
4909,1,0,0,1
4910,1,0,0,1
4911,1,0,0,1
4912,1,0,0,1
4913,1,0,0,1
4914,1,0,0,1
4915,1,0,0,1
4916,1,0,0,1
4917,1,0,0,1
4918,1,0,0,1
4919,1,0,0,1
4920,1,0,0,1
4921,1,1,0,1
4922,1,1,0,1
4923,1,1,0,1
4924,1,1,0,1
4925,1,1,0,1
4926,1,1,0,1
4927,1,1,0,1
4928,1,1,0,1
4929,1,1,0,1
4930,1,1,0,1
4931,1,1,0,1
4932,1,1,0,1
4933,1,1,0,1
4934,1,1,0,1
4935,1,1,0,1
4936,1,1,0,1
4937,2,2,0,1
4938,2,3,0,1
4939,2,2,0,1
4940,2,2,0,1
4941,2,2,0,1
4942,2,1,0,1
4943,2,2,0,1
4944,2,2,0,1
4945,2,4,0,1
4946,2,3,0,1
4947,2,2,0,1
4948,2,3,0,1
4949,2,2,0,1
4950,2,2,0,1
4951,2,2,0,1
4952,2,3,0,1
4953,2,3,0,1
4954,2,2,0,1
4955,2,2,0,0
4956,1,2,0,0
4957,1,1,0,0
4958,1,1,0,0
4959,1,1,0,0
4960,1,1,0,1
4961,1,1,0,1
4962,1,1,0,1
4963,1,1,0,1
4964,1,1,0,1
4965,1,1,0,1
4966,1,1,0,1
4967,1,2,0,1
4968,1,2,0,1
4969,1,3,0,1
4970,1,1,0,1
4971,1,2,0,1
4972,0,2,0,1
4973,0,3,0,1
4974,0,3,0,1
4975,0,3,0,1
4976,0,1,0,1
4977,0,1,0,1
4978,0,2,0,0
4979,0,2,0,0
4980,1,2,0,1
4981,1,2,0,0
4982,1,1,0,1
4983,1,1,0,0
4984,1,0,0,0
4985,1,0,0,1
4986,1,0,0,1
4987,1,0,0,1
4988,1,0,0,1
4989,1,0,0,0
4990,1,0,0,1
4991,1,0,0,1
4992,1,0,0,0
4993,1,0,0,1
4994,1,0,0,1
4995,1,0,0,1
4996,1,0,0,1
4997,1,0,0,1
4998,1,0,0,1
4999,1,1,0,1
5000,1,1,0,1
5001,1,1,0,1
5002,1,2,0,1
5003,1,1,0,1
5004,1,1,0,1
5005,1,1,0,1
5006,1,1,0,1
5007,1,1,0,1
5008,1,1,0,1
5009,1,1,0,0
5010,1,1,0,0
5011,1,1,0,0
5012,1,2,0,0
5013,2,1,0,0
5014,2,1,0,0
5015,1,1,0,0
5016,1,1,0,0
5017,2,1,0,0
5018,1,1,0,0
5019,2,1,0,1
5020,2,1,0,0
5021,1,0,0,0
5022,1,1,0,0
5023,1,0,0,0
5024,1,0,0,1
5025,2,0,0,1
5026,3,0,0,0
5027,3,1,0,0
5028,3,0,0,1
5029,2,0,0,1
5030,2,1,0,1
5031,3,1,0,0
5032,2,1,0,0
5033,2,2,0,0
5034,2,2,0,0
5035,3,2,0,0
5036,3,3,0,0
5037,2,3,0,0
5038,2,3,0,0
5039,2,3,0,0
5040,2,2,0,0
5041,3,3,0,0
5042,2,2,0,0
5043,2,2,0,0
5044,2,1,0,0
5045,2,1,0,0
5046,2,2,0,1
5047,2,3,0,0
5048,2,1,0,0
5049,2,1,0,0
5050,2,1,0,0
5051,1,2,0,0
5052,1,1,0,0
5053,1,2,0,0
5054,1,1,0,0
5055,1,1,0,0
5056,2,2,0,0
5057,1,1,0,0
5058,2,2,0,0
5059,1,2,0,0
5060,1,2,0,0
5061,2,2,0,1
5062,1,1,0,1
5063,2,4,0,1
5064,1,2,0,1
5065,2,2,0,0
5066,1,3,0,0
5067,1,2,0,0
5068,2,2,0,0
5069,2,3,0,1
5070,1,2,0,1
5071,1,2,0,0
5072,1,2,0,0
5073,1,2,0,1
5074,1,2,0,1
5075,1,2,0,1
5076,2,2,0,1
5077,1,2,0,1
5078,1,2,0,1
5079,1,2,0,1
5080,1,2,0,1
5081,2,1,0,1
5082,1,1,0,1
5083,1,1,0,0
5084,1,1,0,0
5085,0,1,0,0
5086,0,1,1,0
5087,0,2,1,0
5088,0,2,0,0
5089,1,1,0,0
5090,0,0,0,1
5091,0,1,0,1
5092,0,0,0,1
5093,1,0,0,0
5094,0,1,0,1
5095,0,1,0,1
5096,0,1,0,1
5097,0,0,0,1
5098,0,0,0,0
5099,0,1,0,0
5100,0,1,0,0
5101,0,1,0,0
5102,0,1,0,0
5103,0,1,0,1
5104,0,1,0,0
5105,0,1,0,0
5106,0,1,0,0
5107,0,1,0,0
5108,0,1,0,0
5109,0,1,0,0
5110,0,1,0,0
5111,1,1,0,1
5112,0,1,0,1
5113,0,1,0,0
5114,0,1,0,0
5115,0,1,0,0
5116,0,1,0,0
5117,0,1,0,0
5118,1,1,0,0
5119,0,1,0,0
5120,0,0,0,0
5121,1,1,0,0
5122,1,1,0,0
5123,0,0,0,0
5124,1,1,0,0
5125,2,0,0,0
5126,3,1,0,0
5127,3,1,0,0
5128,4,1,0,0
5129,2,1,0,0
5130,2,1,0,0
5131,2,1,0,0
5132,3,1,0,0
5133,1,0,0,0
5134,2,1,0,0
5135,1,1,0,0
5136,4,1,0,0
5137,3,0,0,1
5138,2,0,0,1
5139,4,0,0,0
5140,3,1,0,0
5141,4,1,0,0
5142,2,1,0,0
5143,2,1,0,0
5144,1,1,0,0
5145,1,1,0,0
5146,1,0,0,0
5147,1,1,0,1
5148,1,1,0,0
5149,2,1,0,1
5150,2,0,0,1
5151,1,0,0,0
5152,1,0,0,0
5153,1,0,0,0
5154,2,0,0,2
5155,1,1,0,1
5156,2,0,0,1
5157,2,0,0,1
5158,3,0,0,0
5159,3,0,0,1
5160,1,0,0,1
5161,2,0,0,1
5162,3,0,0,1
5163,2,0,0,1
5164,2,0,0,1
5165,2,0,0,1
5166,2,1,0,1
5167,1,0,0,1
5168,2,0,0,1
5169,2,0,0,2
5170,2,0,0,2
5171,2,1,0,1
5172,2,0,0,1
5173,1,0,0,1
5174,4,2,0,1
5175,4,1,0,0
5176,2,1,0,3
5177,2,1,0,1
5178,1,0,0,3
5179,4,1,0,2
5180,5,1,0,0
5181,3,1,0,0
5182,3,1,0,0
5183,3,1,0,1
5184,3,1,0,0
5185,2,1,0,0
5186,1,1,0,1
5187,1,1,0,0
5188,1,1,0,0
5189,2,1,0,1
5190,1,1,0,0
5191,1,1,0,0
5192,2,1,0,1
5193,2,1,0,0
5194,1,1,0,3
5195,2,1,0,1
5196,3,1,0,0
5197,2,1,0,0
5198,2,1,0,0
5199,2,1,0,0
5200,2,1,0,0
5201,3,1,0,0
5202,3,1,0,0
5203,3,1,0,0
5204,2,0,0,1
5205,3,1,0,1
5206,1,2,0,1
5207,1,1,0,1
5208,2,1,0,2
5209,1,1,0,1
5210,1,1,0,2
5211,1,1,0,1
5212,1,2,0,1
5213,2,4,0,1
5214,2,2,0,1
5215,2,2,0,2
5216,1,2,0,2
5217,1,1,0,2
5218,1,1,0,1
5219,1,1,1,1
5220,1,1,0,2
5221,2,1,0,2
5222,2,1,0,2
5223,2,1,0,2
5224,2,1,0,2
5225,2,1,0,2
5226,2,1,0,2
5227,1,1,0,2
5228,0,1,1,2
5229,1,1,1,2
5230,1,0,1,2
5231,1,1,1,2
5232,1,1,1,1
5233,0,1,1,1
5234,0,0,1,1
5235,0,0,1,1
5236,0,1,1,1
5237,0,0,1,1
5238,0,1,1,0
5239,0,0,1,0
5240,0,0,1,0
5241,0,1,1,0
5242,0,0,2,0
5243,0,1,1,0
5244,0,1,2,0
5245,0,1,2,0
5246,0,1,1,0
5247,0,1,1,1
5248,0,1,1,0
5249,0,0,1,0
5250,0,1,1,0
5251,0,1,1,0
5252,0,1,1,0
5253,2,0,1,0
5254,1,1,1,0
5255,1,0,1,0
5256,0,1,1,0
5257,1,0,1,0
5258,1,1,1,0
5259,1,0,1,0
5260,1,1,1,0
5261,3,1,1,0
5262,1,1,1,0
5263,2,1,1,0
5264,1,1,1,0
5265,2,0,1,0
5266,1,0,1,0
5267,2,0,1,0
5268,1,0,1,0
5269,0,0,1,0
5270,0,0,1,0
5271,1,0,1,0
5272,0,0,1,1
5273,0,0,1,1
5274,0,0,1,0
5275,0,0,1,1
5276,0,0,1,0
5277,0,0,1,0
5278,0,0,1,0
5279,1,0,1,0
5280,0,0,1,0
5281,0,0,1,0
5282,0,0,1,0
5283,0,0,1,0
5284,0,0,1,0
5285,0,0,1,0
5286,0,0,1,0
5287,0,0,1,0
5288,0,0,1,0
5289,0,0,1,0
5290,0,0,1,0
5291,0,0,1,0
5292,0,0,1,0
5293,0,0,1,0
5294,0,0,1,1
5295,0,0,1,0
5296,0,0,1,0
5297,0,0,1,0
5298,0,0,1,0
5299,0,0,1,0
5300,0,0,1,0
5301,0,0,1,0
5302,0,0,1,0
5303,0,0,1,0
5304,0,0,0,0
5305,0,0,0,0
5306,0,0,1,0
5307,0,0,1,0
5308,0,0,0,0
5309,0,0,0,0
5310,0,0,1,0
5311,0,0,1,0
5312,0,0,1,0
5313,0,0,1,0
5314,0,1,0,0
5315,0,0,1,0
5316,0,0,1,0
5317,0,1,1,0
5318,0,0,1,0
5319,0,0,0,0
5320,0,0,0,0
5321,0,0,1,1
5322,0,0,1,1
5323,0,0,0,0
5324,0,1,0,1
5325,0,3,0,1
5326,0,1,0,1
5327,0,1,0,0
5328,0,1,0,1
5329,0,1,0,1
5330,0,1,0,1
5331,0,0,1,1
5332,0,1,0,1
5333,0,2,0,1
5334,0,1,0,1
5335,0,0,0,1
5336,0,1,0,1
5337,0,2,0,1
5338,0,2,0,1
5339,0,2,0,1
5340,0,2,0,1
5341,0,1,0,1
5342,0,0,0,1
5343,0,1,0,1
5344,0,1,0,1
5345,0,1,0,1
5346,1,1,0,1
5347,0,1,0,1
5348,0,2,0,1
5349,0,2,0,1
5350,0,1,0,1
5351,1,1,0,1
5352,1,1,0,1
5353,0,1,0,1
5354,1,1,0,1
5355,1,1,0,1
5356,1,1,0,1
5357,1,1,0,1
5358,1,2,0,1
5359,2,1,0,1
5360,2,1,0,1
5361,1,1,0,1
5362,2,2,0,1
5363,1,2,0,1
5364,1,1,0,1
5365,1,2,0,1
5366,1,1,0,1
5367,1,1,0,1
5368,1,3,0,1
5369,1,1,0,1
5370,1,1,0,1
5371,1,0,0,2
5372,1,0,0,2
5373,1,1,0,2
5374,1,1,0,1
5375,1,0,0,1
5376,1,0,0,1
5377,1,0,0,2
5378,1,1,0,2
5379,1,2,0,1
5380,1,0,1,1
5381,1,0,0,1
5382,1,0,1,1
5383,1,0,0,1
5384,1,0,0,1
5385,1,0,0,2
5386,1,1,1,2
5387,1,1,0,0
5388,1,0,0,0
5389,1,0,1,1
5390,1,0,0,0
5391,1,0,0,1
5392,1,0,0,2
5393,1,0,0,1
5394,1,0,0,1
5395,1,0,0,1
5396,1,0,0,1
5397,1,0,0,1
5398,2,0,0,2
5399,1,0,0,1
5400,1,1,1,1
5401,3,0,2,1
5402,2,1,1,1
5403,2,0,1,2
5404,1,1,0,1
5405,1,0,1,1
5406,1,1,1,1
5407,0,1,1,2
5408,1,1,1,2
5409,1,1,1,2
5410,0,1,1,2
5411,0,0,1,2
5412,0,1,1,1
5413,0,0,1,2
5414,0,1,1,2
5415,0,0,1,1
5416,0,0,1,1
5417,0,0,1,1
5418,0,0,1,2
5419,1,1,1,1
5420,2,0,1,2
5421,1,1,1,2
5422,1,0,1,1
5423,1,1,1,1
5424,1,0,1,2
5425,1,0,1,2
5426,1,0,1,2
5427,1,0,2,2
5428,1,2,1,2
5429,1,0,1,2
5430,1,1,0,2
5431,1,0,1,2
5432,1,1,1,2
5433,2,1,1,3
5434,1,0,1,3
5435,1,1,1,3
5436,1,1,0,3
5437,2,1,1,1
5438,1,1,1,2
5439,2,1,1,2
5440,2,1,1,2
5441,1,1,1,2
5442,1,1,1,1
5443,1,1,1,1
5444,1,1,1,3
5445,1,1,1,3
5446,1,1,1,3
5447,1,1,1,3
5448,1,1,1,4
5449,1,1,0,2
5450,1,1,1,1
5451,1,0,1,3
5452,2,1,0,3
5453,1,1,0,3
5454,2,1,0,3
5455,3,1,1,2
5456,2,0,0,3
5457,2,0,0,3
5458,1,0,0,3
5459,1,0,0,3
5460,1,0,1,3
5461,1,1,0,3
5462,2,0,0,3
5463,2,0,1,2
5464,1,0,1,3
5465,2,0,1,3
5466,2,1,0,2
5467,2,1,0,2
5468,2,0,1,2
5469,2,0,1,3
5470,2,0,0,2
5471,2,1,0,1
5472,2,1,0,2
5473,1,0,0,2
5474,2,0,0,3
5475,1,0,0,3
5476,1,0,2,2
5477,2,0,1,1
5478,1,0,1,1
5479,1,0,1,1
5480,1,0,1,1
5481,1,0,1,2
5482,2,0,0,2
5483,2,0,2,2
5484,2,0,1,2
5485,1,0,0,2
5486,1,0,0,4
5487,1,1,0,3
5488,1,0,0,3
5489,0,0,1,3
5490,0,0,1,3
5491,0,0,0,2
5492,1,0,0,3
5493,1,0,0,1
5494,2,0,0,0
5495,1,0,0,2
5496,1,0,0,2
5497,1,1,0,2
5498,0,0,0,2
5499,0,0,0,0
5500,0,0,0,0
5501,1,0,0,0
5502,1,0,0,0
5503,0,0,0,0
5504,1,0,0,0
5505,0,0,0,1
5506,1,0,0,1
5507,0,0,0,2
5508,0,0,0,1
5509,0,0,0,0
5510,1,0,0,1
5511,0,0,0,2
5512,0,0,0,1
5513,0,0,0,0
5514,0,0,0,0
5515,0,0,0,0
5516,0,0,0,1
5517,0,0,0,2
5518,1,0,0,1
5519,0,0,0,0
5520,2,0,0,1
5521,1,0,1,0
5522,0,0,0,1
5523,0,0,0,0
5524,0,0,0,2
5525,0,0,0,1
5526,0,0,1,0
5527,0,0,0,1
5528,0,0,0,0
5529,0,0,0,1
5530,0,0,0,0
5531,0,0,0,0
5532,0,0,0,0
5533,0,0,0,1
5534,0,0,0,2
5535,0,0,0,1
5536,0,0,0,1
5537,0,0,0,1
5538,0,0,0,0
5539,0,0,0,0
5540,0,0,0,0
5541,0,0,0,0
5542,0,0,0,1
5543,0,0,0,0
5544,0,0,0,0
5545,0,0,0,0
5546,0,0,0,1
5547,0,1,0,0
5548,0,1,0,0
5549,0,1,0,0
5550,0,2,0,1
5551,0,2,0,0
5552,0,2,0,0
5553,0,2,0,0
5554,0,2,0,0
5555,0,2,0,0
5556,0,1,0,0
5557,0,3,0,0
5558,0,1,0,0
5559,0,1,0,0
5560,0,2,0,0
5561,0,2,0,0
5562,0,2,0,0
5563,0,1,0,0
5564,0,1,0,0
5565,0,1,0,0
5566,0,0,0,0
5567,1,0,0,0
5568,0,2,0,0
5569,0,0,0,0
5570,0,1,0,0
5571,0,3,0,0
5572,0,2,0,0
5573,0,3,0,0
5574,0,3,0,0
5575,0,2,0,0
5576,0,4,0,0
5577,0,3,0,0
5578,0,2,0,0
5579,0,4,0,0
5580,0,4,0,0
5581,0,3,0,0
5582,0,2,0,0
5583,0,2,0,0
5584,0,2,0,0
5585,0,3,0,1
5586,0,1,0,1
5587,0,2,0,0
5588,0,2,0,0
5589,0,3,0,0
5590,0,2,0,0
5591,0,0,0,0
5592,0,2,0,0
5593,0,1,0,0
5594,0,1,0,0
5595,0,0,0,0
5596,0,1,0,0
5597,0,0,0,0
5598,0,0,0,0
5599,0,1,0,0
5600,0,1,0,1
5601,0,0,0,0
5602,0,2,0,0
5603,0,2,0,0
5604,0,2,0,0
5605,0,2,0,0
5606,0,3,0,0
5607,0,2,0,0
5608,0,1,0,0
5609,1,3,0,0
5610,0,2,0,0
5611,0,2,0,0
5612,0,3,0,0
5613,0,5,0,0
5614,0,3,0,0
5615,0,4,0,0
5616,0,3,0,0
5617,0,2,0,0
5618,0,4,0,0
5619,0,2,0,0
5620,0,3,0,0
5621,0,5,0,0
5622,0,3,0,0
5623,0,3,0,0
5624,0,3,0,0
5625,0,3,0,0
5626,0,5,0,0
5627,0,4,0,0
5628,0,5,0,0
5629,0,5,0,0
5630,0,5,0,0
5631,0,5,0,0
5632,0,4,0,0
5633,0,6,0,0
5634,0,4,0,0
5635,0,8,0,0
5636,0,4,0,0
5637,0,6,0,0
5638,0,5,0,0
5639,0,5,0,0
5640,0,5,0,0
5641,0,4,0,0
5642,0,4,0,0
5643,0,4,0,0
5644,0,4,0,0
5645,0,4,0,0
5646,0,3,0,0
5647,0,4,0,0
5648,0,4,0,0
5649,0,2,0,0
5650,0,2,0,0
5651,0,2,0,0
5652,0,5,0,0
5653,0,2,0,0
5654,0,3,0,0
5655,0,3,0,0
5656,0,1,0,0
5657,0,2,0,0
5658,0,2,0,0
5659,1,2,0,0
5660,0,2,0,0
5661,0,2,0,0
5662,0,1,0,0
5663,0,4,0,0
5664,0,3,0,0
5665,0,5,0,0
5666,0,6,0,0
5667,0,4,0,0
5668,1,4,0,0
5669,1,5,0,0
5670,1,5,0,0
5671,1,4,0,0
5672,1,7,0,0
5673,1,6,0,0
5674,1,6,0,0
5675,1,6,0,0
5676,1,6,0,0
5677,1,6,0,0
5678,1,6,0,0
5679,1,7,0,0
5680,1,6,0,0
5681,1,3,0,0
5682,1,4,0,0
5683,1,3,0,0
5684,1,5,0,0
5685,1,4,0,0
5686,1,3,0,0
5687,1,3,0,0
5688,1,3,0,0
5689,1,3,0,0
5690,1,4,0,0
5691,1,4,0,0
5692,1,3,0,0
5693,1,3,0,0
5694,1,2,0,0
5695,1,1,0,0
5696,1,4,0,0
5697,1,4,0,0
5698,1,4,0,0
5699,1,3,0,0
5700,1,4,0,0
5701,1,5,0,0
5702,1,4,0,0
5703,1,3,0,0
5704,1,3,0,0
5705,1,3,0,0
5706,1,4,0,0
5707,1,4,0,0
5708,2,5,0,0
5709,1,4,0,0
5710,2,5,0,0
5711,2,5,0,0
5712,1,3,0,0
5713,1,6,0,0
5714,1,5,0,0
5715,1,5,0,0
5716,2,6,0,0
5717,2,5,0,0
5718,2,6,0,0
5719,2,5,0,0
5720,2,6,0,0
5721,2,4,0,0
5722,3,5,0,0
5723,2,4,0,0
5724,2,4,0,0
5725,2,4,0,0
5726,3,4,0,0
5727,3,4,0,0
5728,3,4,0,0
5729,2,5,0,0
5730,2,6,0,0
5731,4,3,0,0
5732,2,5,0,0
5733,2,4,0,0
5734,2,4,0,0
5735,2,3,0,0
5736,2,2,0,0
5737,2,3,0,0
5738,2,2,0,0
5739,4,2,0,0
5740,3,2,0,0
5741,4,2,0,0
5742,7,2,0,0
5743,3,2,0,0
5744,3,2,0,0
5745,6,2,0,0
5746,3,2,0,0
5747,2,2,0,0
5748,3,2,0,0
5749,3,2,0,0
5750,2,3,0,0
5751,3,2,0,0
5752,2,2,0,0
5753,2,1,0,0
5754,2,2,0,1
5755,2,1,0,0
5756,2,1,0,0
5757,2,1,0,0
5758,2,1,0,0
5759,2,1,0,0
5760,2,1,0,0
5761,2,0,0,0
5762,2,0,0,0
5763,2,2,0,0
5764,2,3,0,0
5765,2,1,0,0
5766,2,2,0,1
5767,2,1,0,0
5768,2,1,0,0
5769,2,2,0,0
5770,2,2,0,1
5771,2,1,0,0
5772,2,2,0,1
5773,2,2,0,0
5774,2,2,0,0
5775,2,2,0,0
5776,2,2,0,1
5777,1,2,0,0
5778,1,3,0,1
5779,1,3,0,1
5780,1,1,0,0
5781,1,3,0,0
5782,1,1,0,1
5783,1,2,0,1
5784,1,1,0,1
5785,1,1,0,1
5786,1,2,0,1
5787,1,2,0,1
5788,2,3,0,1
5789,2,3,0,1
5790,1,2,0,1
5791,2,2,0,1
5792,2,3,0,1
5793,2,2,0,1
5794,3,2,0,1
5795,2,2,0,1
5796,4,2,0,1
5797,2,3,0,1
5798,3,3,0,1
5799,4,2,0,1
5800,3,2,0,2
5801,3,2,0,2
5802,3,2,0,2
5803,2,2,0,2
5804,2,2,0,2
5805,2,2,0,2
5806,2,2,0,2
5807,3,2,0,2
5808,3,2,0,2
5809,2,2,0,2
5810,2,2,0,2
5811,3,3,0,2
5812,3,3,0,2
5813,3,2,0,2
5814,3,2,0,2
5815,3,3,0,2
5816,4,2,0,2
5817,3,1,0,2
5818,2,1,0,2
5819,3,1,0,2
5820,2,1,0,2
5821,2,1,0,2
5822,4,1,0,2
5823,2,1,0,2
5824,2,1,0,2
5825,3,2,0,1
5826,3,2,0,1
5827,3,1,0,1
5828,3,1,0,1
5829,4,1,0,1
5830,4,1,0,1
5831,5,1,0,1
5832,4,1,0,2
5833,3,1,0,1
5834,3,1,0,2
5835,4,1,0,2
5836,4,1,0,2
5837,3,1,0,1
5838,3,2,0,2
5839,4,2,0,1
5840,3,2,1,2
5841,4,1,0,2
5842,4,2,0,2
5843,6,2,0,1
5844,4,1,0,2
5845,3,2,0,2
5846,5,1,0,1
5847,6,1,0,2
5848,6,1,0,2
5849,6,2,0,1
5850,6,1,0,1
5851,4,1,0,1
5852,3,1,0,2
5853,4,1,0,2
5854,4,1,0,1
5855,4,1,0,1
5856,3,1,0,1
5857,4,2,0,2
5858,3,2,0,2
5859,5,2,0,2
5860,5,2,0,2
5861,3,2,0,2
5862,4,1,0,2
5863,5,2,0,2
5864,6,3,0,2
5865,4,3,0,1
5866,5,3,0,1
5867,3,3,0,1
5868,3,2,0,1
5869,3,2,0,1
5870,2,2,0,1
5871,2,2,0,1
5872,3,2,0,1
5873,2,2,0,1
5874,2,2,0,1
5875,3,3,0,1
5876,3,2,0,1
5877,4,2,0,1
5878,3,2,0,1
5879,2,3,0,1
5880,3,2,0,1
5881,4,2,0,1
5882,4,4,0,1
5883,2,3,0,1
5884,4,2,0,1
5885,3,4,0,1
5886,3,2,0,1
5887,4,2,0,1
5888,3,2,0,1
5889,2,2,0,1
5890,2,2,0,1
5891,2,2,0,1
5892,2,2,0,1
5893,2,2,0,1
5894,2,5,0,1
5895,2,2,0,1
5896,2,4,0,1
5897,3,3,0,1
5898,3,1,0,1
5899,3,2,0,1
5900,3,1,0,1
5901,2,2,0,1
5902,2,1,0,1
5903,2,2,0,1
5904,3,2,0,1
5905,4,1,0,1
5906,3,1,0,1
5907,4,1,0,1
5908,3,2,0,1
5909,2,2,0,1
5910,3,1,0,1
5911,4,1,0,1
5912,5,1,0,1
5913,2,1,0,1
5914,2,2,0,1
5915,2,3,0,1
5916,3,1,0,1
5917,2,2,0,1
5918,2,1,0,1
5919,2,2,0,2
5920,2,1,0,1
5921,2,1,0,1
5922,2,2,0,1
5923,2,1,0,1
5924,2,2,0,1
5925,2,2,0,1
5926,2,1,0,1
5927,2,1,0,1
5928,2,0,0,1
5929,2,1,0,1
5930,2,1,0,1
5931,2,0,0,1
5932,2,3,0,1
5933,1,2,0,1
5934,2,2,0,1
5935,2,2,0,1
5936,2,0,0,1
5937,2,0,0,1
5938,2,0,0,1
5939,2,1,0,1
5940,2,1,0,1
5941,2,2,0,1
5942,2,1,0,1
5943,3,1,0,1
5944,3,4,0,1
5945,3,2,0,1
5946,3,3,0,1
5947,3,3,0,1
5948,3,2,0,1
5949,2,2,0,1
5950,2,1,0,1
5951,2,2,0,1
5952,3,1,0,1
5953,3,2,0,1
5954,3,1,0,1
5955,3,1,0,1
5956,3,1,0,1
5957,3,0,0,1
5958,4,1,0,1
5959,3,1,0,1
5960,3,1,0,1
5961,3,1,0,1
5962,3,1,0,1
5963,3,1,0,1
5964,3,2,0,1
5965,3,2,0,1
5966,3,1,0,1
5967,3,1,0,1
5968,3,1,0,1
5969,3,1,0,1
5970,3,0,0,1
5971,3,1,0,1
5972,3,1,0,1
5973,3,0,0,1
5974,3,0,0,1
5975,3,0,0,1
5976,3,0,0,1
5977,3,0,0,1
5978,3,0,0,1
5979,3,0,0,1
5980,3,0,0,1
5981,4,1,0,1
5982,3,0,0,1
5983,3,0,0,1
5984,3,0,0,1
5985,3,1,0,1
5986,3,0,0,1
5987,3,1,0,1
5988,3,0,0,1
5989,3,0,0,1
5990,4,0,0,1
5991,3,0,0,0
5992,3,0,0,1
5993,3,0,0,1
5994,4,0,0,1
5995,3,0,0,0
5996,4,1,0,1
5997,4,2,0,1
5998,3,2,0,1
5999,3,1,0,1
6000,3,0,0,2
6001,3,0,0,1
6002,3,0,0,1
6003,3,1,0,2
6004,4,1,0,2
6005,4,2,0,2
6006,4,1,0,1
6007,3,1,0,1
6008,4,1,0,2
6009,4,1,0,1
6010,4,1,0,2
6011,3,2,0,1
6012,3,1,0,1
6013,3,3,0,1
6014,5,2,0,1
6015,4,2,0,1
6016,3,2,0,1
6017,4,2,0,2
6018,3,3,0,2
6019,3,2,0,2
6020,3,2,0,1
6021,3,2,0,2
6022,3,1,0,2
6023,3,2,0,2
6024,3,2,0,2
6025,3,2,0,2
6026,3,1,0,1
6027,2,1,0,2
6028,2,2,0,1
6029,2,2,0,1
6030,2,3,0,2
6031,2,3,0,2
6032,2,2,0,1
6033,1,2,0,1
6034,2,3,0,1
6035,2,2,0,1
6036,2,2,0,1
6037,2,2,0,2
6038,2,2,0,1
6039,2,2,0,1
6040,2,2,0,1
6041,2,2,0,1
6042,2,2,0,2
6043,2,2,0,1
6044,2,3,0,1
6045,2,2,0,2
6046,2,3,0,2
6047,3,3,0,1
6048,2,3,0,2
6049,2,3,0,2
6050,2,3,0,2
6051,2,5,0,2
6052,2,3,0,2
6053,2,4,0,2
6054,2,3,0,2
6055,2,2,0,2
6056,2,3,0,2
6057,3,3,0,1
6058,3,4,0,1
6059,2,2,0,1
6060,2,3,0,1
6061,1,3,0,2
6062,1,3,0,0
6063,2,4,0,1
6064,1,3,0,1
6065,2,3,0,2
6066,2,3,0,1
6067,2,2,0,2
6068,2,2,0,2
6069,2,3,0,2
6070,2,2,0,0
6071,2,2,0,0
6072,2,3,0,0
6073,3,1,0,0
6074,2,2,0,0
6075,2,4,0,0
6076,2,3,0,0
6077,1,3,0,0
6078,2,2,0,0
6079,2,2,0,0
6080,2,2,0,0
6081,1,2,0,0
6082,1,2,0,0
6083,1,2,0,0
6084,2,2,0,0
6085,2,2,0,0
6086,2,2,0,0
6087,1,2,0,0
6088,2,2,0,0
6089,1,2,0,0
6090,2,2,0,0
6091,1,2,0,0
6092,1,1,0,0
6093,1,2,0,0
6094,1,3,0,0
6095,1,3,0,0
6096,1,2,0,0
6097,1,2,0,0
6098,1,3,0,0
6099,1,3,0,0
6100,1,2,0,0
6101,1,1,0,0
6102,2,1,0,0
6103,2,2,0,0
6104,1,2,0,0
6105,2,2,0,0
6106,1,2,0,0
6107,2,2,0,0
6108,2,1,0,0
6109,2,0,0,0
6110,2,2,0,0
6111,3,0,0,0
6112,2,0,0,0
6113,3,3,0,0
6114,2,1,0,0
6115,3,2,0,0
6116,3,2,0,0
6117,3,1,0,0
6118,3,2,0,0
6119,2,2,0,0
6120,2,2,0,0
6121,3,2,0,0
6122,3,1,0,0
6123,3,2,0,0
6124,3,1,0,0
6125,3,1,0,0
6126,2,1,0,0
6127,3,1,0,0
6128,3,1,0,0
6129,3,1,0,0
6130,3,1,0,0
6131,3,1,0,0
6132,3,1,0,0
6133,3,1,0,0
6134,4,1,0,0
6135,3,1,0,0
6136,4,1,0,0
6137,3,1,0,0
6138,2,1,0,0
6139,2,4,0,0
6140,3,1,0,0
6141,3,2,0,0
6142,2,3,0,0
6143,2,2,0,0
6144,2,3,0,0
6145,2,1,0,0
6146,2,3,0,0
6147,2,2,0,0
6148,3,3,0,0
6149,3,3,0,0
6150,2,1,0,0
6151,3,1,0,0
6152,2,1,0,0
6153,2,1,0,0
6154,2,1,0,0
6155,2,1,0,0
6156,2,1,0,0
6157,2,1,0,0
6158,2,1,0,0
6159,3,1,0,0
6160,2,1,0,0
6161,2,1,0,0
6162,2,0,0,0
6163,1,0,0,0
6164,1,0,0,0
6165,1,1,0,0
6166,1,2,0,0
6167,2,0,0,0
6168,1,1,0,0
6169,2,0,0,1
6170,2,0,0,0
6171,2,0,0,0
6172,2,1,0,0
6173,1,0,0,1
6174,1,0,0,1
6175,1,1,0,1
6176,2,0,0,1
6177,1,2,0,1
6178,2,0,0,1
6179,1,1,0,1
6180,1,1,0,1
6181,1,1,0,1
6182,1,1,0,1
6183,2,1,0,2
6184,1,1,0,1
6185,1,1,0,1
6186,1,1,0,1
6187,1,2,0,1
6188,1,1,0,1
6189,1,1,0,1
6190,3,2,0,1
6191,1,1,0,1
6192,3,1,0,1
6193,2,1,0,1
6194,2,1,0,1
6195,3,1,0,1
6196,3,1,0,1
6197,2,1,0,1
6198,3,2,0,1
6199,3,1,0,1
6200,3,1,0,1
6201,2,2,0,1
6202,2,1,0,1
6203,4,1,0,1
6204,4,2,0,1
6205,4,2,0,1
6206,2,2,0,1
6207,2,1,0,1
6208,2,2,0,1
6209,3,2,0,1
6210,2,2,0,1
6211,2,3,0,1
6212,3,3,0,1
6213,2,2,0,1
6214,2,3,0,1
6215,1,3,0,1
6216,1,2,0,1
6217,2,3,0,1
6218,1,3,0,1
6219,1,3,0,1
6220,1,2,0,1
6221,1,2,0,1
6222,1,1,0,1
6223,1,1,0,1
6224,1,1,0,1
6225,1,2,0,1
6226,1,3,0,1
6227,1,3,0,1
6228,1,3,0,1
6229,1,3,0,1
6230,1,3,0,1
6231,1,3,0,1
6232,1,3,0,1
6233,1,2,0,1
6234,1,2,0,1
6235,1,2,0,1
6236,2,2,0,1
6237,1,2,0,1
6238,1,3,0,1
6239,2,2,0,1
6240,3,2,0,1
6241,2,2,0,1
6242,2,2,0,1
6243,1,2,0,1
6244,2,2,0,1
6245,1,2,0,1
6246,1,3,0,1
6247,1,2,0,1
6248,1,2,0,1
6249,1,2,0,1
6250,1,2,0,1
6251,1,2,0,1
6252,1,2,0,1
6253,1,2,0,1
6254,1,2,0,1
6255,1,2,0,2
6256,2,2,0,1
6257,1,2,0,2
6258,2,2,0,1
6259,2,2,0,2
6260,1,2,0,2
6261,2,2,0,1
6262,1,2,0,1
6263,1,3,0,2
6264,1,2,0,2
6265,1,2,0,1
6266,1,2,0,1
6267,1,2,0,1
6268,1,3,0,2
6269,1,2,0,1
6270,1,2,0,1
6271,1,2,0,1
6272,1,2,0,1
6273,1,2,0,1
6274,1,2,0,1
6275,1,2,0,1
6276,2,2,0,1
6277,1,2,0,1
6278,1,2,0,1
6279,1,2,0,1
6280,1,2,0,2
6281,1,2,0,2
6282,1,2,0,1
6283,2,2,0,1
6284,2,2,0,2
6285,2,2,0,1
6286,1,2,0,1
6287,1,2,0,1
6288,1,2,0,1
6289,1,2,0,1
6290,1,2,0,1
6291,1,2,0,1
6292,1,2,0,1
6293,1,3,0,1
6294,1,2,0,1
6295,1,2,0,1
6296,1,2,0,1
6297,1,3,0,1
6298,1,2,0,1
6299,1,2,0,1
6300,1,2,0,1
6301,1,3,0,1
6302,1,3,0,1
6303,2,2,0,1
6304,4,3,0,1
6305,3,2,0,1
6306,3,2,0,1
6307,3,2,0,1
6308,3,2,0,1
6309,3,2,0,1
6310,3,2,0,1
6311,3,2,0,1
6312,3,2,0,1
6313,3,2,0,1
6314,4,3,0,1
6315,2,2,0,1
6316,2,1,0,1
6317,3,2,0,1
6318,3,1,0,1
6319,2,2,0,1
6320,2,1,0,1
6321,2,1,0,1
6322,2,1,0,1
6323,2,0,0,1
6324,2,0,0,1
6325,1,2,0,1
6326,1,3,0,2
6327,2,2,0,2
6328,1,1,0,2
6329,2,3,0,2
6330,2,3,0,1
6331,2,2,0,1
6332,2,2,0,2
6333,2,2,0,1
6334,2,3,0,1
6335,2,3,0,1
6336,2,2,0,2
6337,2,2,0,1
6338,2,1,0,1
6339,3,1,0,1
6340,3,1,0,2
6341,3,1,0,1
6342,3,1,0,1
6343,2,1,0,2
6344,2,1,0,1
6345,2,1,0,1
6346,1,1,0,3
6347,2,1,0,2
6348,2,3,0,1
6349,2,4,0,1
6350,2,3,0,1
6351,2,2,0,1
6352,2,3,0,2
6353,2,3,0,2
6354,2,2,0,1
6355,3,2,0,1
6356,2,3,0,1
6357,2,1,0,1
6358,3,1,0,1
6359,3,1,0,1
6360,3,1,0,1
6361,3,1,0,1
6362,3,1,0,2
6363,3,1,0,1
6364,3,1,0,1
6365,4,1,0,1
6366,2,1,0,1
6367,2,1,0,2
6368,1,1,0,1
6369,1,1,0,1
6370,2,1,0,1
6371,2,2,0,1
6372,2,1,0,1
6373,2,1,0,1
6374,2,1,0,1
6375,2,1,0,1
6376,2,1,0,1
6377,2,1,0,2
6378,2,1,0,1
6379,2,0,0,1
6380,3,0,0,2
6381,2,0,0,1
6382,2,0,0,1
6383,3,0,0,1
6384,2,0,0,1
6385,2,0,0,1
6386,2,0,0,1
6387,3,0,0,1
6388,2,1,0,1
6389,2,2,0,2
6390,2,1,1,2
6391,2,1,0,1
6392,2,2,0,1
6393,2,1,0,1
6394,2,2,1,1
6395,2,2,1,2
6396,2,1,1,1
6397,2,1,1,2
6398,2,1,0,2
6399,1,2,1,2
6400,1,1,0,2
6401,1,1,0,3
6402,1,2,1,2
6403,1,1,0,2
6404,1,1,0,2
6405,1,1,0,2
6406,1,1,1,2
6407,1,1,1,2
6408,1,1,0,2
6409,1,1,0,2
6410,1,2,0,2
6411,1,1,0,3
6412,1,0,1,2
6413,1,0,0,2
6414,1,0,0,2
6415,1,0,1,2
6416,1,0,1,2
6417,1,0,0,2
6418,1,0,1,2
6419,1,0,0,2
6420,1,0,0,2
6421,1,0,0,2
6422,1,0,0,2
6423,1,0,0,2
6424,1,0,0,2
6425,1,0,0,2
6426,1,0,0,1
6427,2,0,0,2
6428,2,0,0,1
6429,1,0,0,2
6430,0,0,1,1
6431,2,0,1,2
6432,1,0,0,2
6433,1,0,0,3
6434,2,0,0,3
6435,2,0,0,2
6436,2,0,0,2
6437,2,0,0,2
6438,1,0,0,2
6439,2,0,0,2
6440,1,0,0,2
6441,1,0,0,2
6442,1,0,0,2
6443,1,0,0,2
6444,1,0,0,2
6445,2,0,0,2
6446,1,0,0,2
6447,1,1,0,2
6448,1,1,0,2
6449,1,0,0,2
6450,1,0,0,2
6451,1,0,0,2
6452,2,0,0,2
6453,2,0,0,2
6454,2,0,0,2
6455,2,0,1,2
6456,2,0,0,2
6457,2,0,1,2
6458,2,0,1,2
6459,2,0,0,2
6460,2,0,0,2
6461,2,0,0,2
6462,2,0,1,2
6463,2,0,0,2
6464,2,0,0,2
6465,2,0,0,2
6466,2,0,0,2
6467,2,0,0,3
6468,2,0,0,2
6469,2,0,0,2
6470,2,0,0,2
6471,2,0,0,2
6472,2,0,0,3
6473,2,0,0,2
6474,3,0,0,2
6475,2,1,0,2
6476,2,0,0,2
6477,2,0,0,2
6478,2,2,0,2
6479,2,1,0,2
6480,2,1,0,2
6481,2,1,0,2
6482,2,1,0,2
6483,3,1,0,2
6484,1,1,0,2
6485,1,1,0,2
6486,1,1,0,2
6487,1,1,0,2
6488,1,1,0,2
6489,2,1,0,2
6490,1,1,0,2
6491,2,1,0,2
6492,3,1,0,2
6493,1,1,0,2
6494,1,1,0,2
6495,3,1,0,2
6496,3,1,0,3
6497,2,1,0,2
6498,3,1,0,2
6499,4,1,0,2
6500,4,1,0,2
6501,1,1,0,2
6502,3,1,0,2
6503,3,1,0,2
6504,2,1,0,2
6505,2,1,0,1
6506,2,1,0,2
6507,3,1,0,1
6508,2,1,0,1
6509,2,1,0,1
6510,1,1,0,1
6511,1,1,0,1
6512,2,1,0,1
6513,1,1,0,1
6514,1,1,0,1
6515,2,1,0,1
6516,1,0,0,1
6517,1,0,0,2
6518,1,0,0,2
6519,1,0,0,2
6520,1,0,0,2
6521,2,0,0,1
6522,1,0,0,2
6523,1,0,0,1
6524,1,0,0,1
6525,1,1,0,2
6526,1,1,0,2
6527,2,1,0,2
6528,1,1,0,2
6529,1,1,0,2
6530,2,1,0,1
6531,1,1,0,2
6532,1,1,0,2
6533,1,1,0,2
6534,1,1,0,1
6535,1,0,0,3
6536,2,0,1,2
6537,2,0,0,3
6538,2,0,0,2
6539,2,0,0,3
6540,2,0,0,2
6541,1,0,0,1
6542,1,0,0,2
6543,0,0,0,2
6544,0,0,0,3
6545,0,0,0,3
6546,0,0,1,3
6547,0,0,0,3
6548,0,0,0,3
6549,0,0,0,3
6550,0,0,0,3
6551,1,0,0,3
6552,1,0,0,3
6553,1,0,0,3
6554,1,0,0,2
6555,1,0,1,3
6556,1,0,0,2
6557,1,0,0,2
6558,1,0,0,3
6559,1,0,0,2
6560,2,0,0,3
6561,2,0,0,3
6562,2,0,0,3
6563,2,0,0,3
6564,1,0,0,3
6565,2,0,0,3
6566,3,0,0,4
6567,3,0,0,2
6568,3,0,0,2
6569,2,0,0,2
6570,3,0,0,2
6571,3,0,0,2
6572,3,0,0,2
6573,2,0,0,2
6574,2,0,0,1
6575,2,0,0,1
6576,2,0,0,1
6577,2,0,0,2
6578,1,0,0,1
6579,2,0,0,2
6580,3,0,0,1
6581,1,0,0,2
6582,0,0,0,1
6583,0,0,0,0
6584,0,0,0,0
6585,1,0,0,0
6586,0,0,0,0
6587,0,0,0,0
6588,1,0,0,0
6589,0,0,0,0
6590,1,0,0,1
6591,1,0,0,1
6592,1,0,0,1
6593,0,0,0,2
6594,1,0,1,1
6595,2,0,0,2
6596,0,0,0,2
6597,0,0,0,2
6598,0,0,0,2
6599,0,0,0,2
6600,0,0,0,2
6601,0,0,0,2
6602,1,0,0,2
6603,1,0,1,2
6604,0,0,1,2
6605,1,0,0,2
6606,2,0,0,2
6607,1,0,1,2
6608,1,0,0,2
6609,1,0,0,2
6610,2,0,0,2
6611,1,0,0,3
6612,1,0,0,2
6613,1,0,0,3
6614,3,0,0,3
6615,3,1,0,2
6616,2,0,0,2
6617,1,1,0,2
6618,0,0,0,2
6619,2,1,0,2
6620,1,0,0,2
6621,1,1,0,3
6622,2,1,0,2
6623,2,0,0,2
6624,2,0,0,2
6625,1,0,0,2
6626,2,0,0,2
6627,1,0,0,2
6628,1,0,0,2
6629,2,0,0,1
6630,2,0,0,1
6631,2,0,1,1
6632,2,0,1,1
6633,1,0,1,3
6634,0,0,1,1
6635,1,0,0,2
6636,1,0,0,2
6637,0,0,1,2
6638,1,0,1,2
6639,2,0,0,2
6640,0,0,0,1
6641,0,0,0,1
6642,1,0,0,1
6643,1,0,0,1
6644,1,0,0,1
6645,0,0,0,1
6646,0,0,0,3
6647,1,0,0,2
6648,2,0,0,2
6649,1,0,0,1
6650,2,0,0,2
6651,1,0,0,2
6652,1,0,0,2
6653,1,0,0,3
6654,1,0,0,2
6655,1,0,0,3
6656,1,0,0,3
6657,1,0,0,3
6658,1,0,0,2
6659,2,0,0,3
6660,2,0,0,3
6661,3,0,0,1
6662,3,0,0,3
6663,1,0,0,3
6664,1,0,0,2
6665,1,1,0,2
6666,1,1,0,3
6667,1,1,0,3
6668,1,1,0,2
6669,1,1,0,2
6670,1,1,0,3
6671,2,1,0,3
6672,2,1,0,3
6673,3,1,0,3
6674,1,1,0,2
6675,1,1,0,3
6676,1,1,0,3
6677,1,1,0,2
6678,1,1,0,3
6679,1,1,0,3
6680,2,1,0,3
6681,2,2,0,3
6682,1,3,0,2
6683,1,2,0,2
6684,1,2,0,1
6685,1,2,0,2
6686,1,2,0,3
6687,1,3,0,2
6688,1,3,0,2
6689,1,1,0,2
6690,2,1,0,1
6691,2,1,0,2
6692,0,1,0,1
6693,3,1,0,2
6694,1,1,0,1
6695,1,1,0,1
6696,3,2,0,1
6697,1,1,0,1
6698,2,1,0,0
6699,1,1,0,0
6700,2,2,0,0
6701,3,1,0,1
6702,3,2,0,1
6703,3,1,0,1
6704,3,1,0,1
6705,3,1,0,1
6706,2,1,0,2
6707,3,3,0,1
6708,5,1,0,1
6709,5,2,0,0
6710,3,1,0,1
6711,3,3,0,1
6712,4,2,0,0
6713,4,2,0,0
6714,5,1,0,1
6715,4,1,0,1
6716,4,1,0,1
6717,4,1,0,1
6718,4,1,0,2
6719,4,2,0,1
6720,4,1,0,2
6721,4,3,0,1
6722,4,2,0,1
6723,4,3,0,1
6724,3,2,0,2
6725,3,2,0,1
6726,3,1,0,1
6727,4,1,0,1
6728,2,1,0,1
6729,3,1,0,1
6730,3,1,0,1
6731,3,3,0,0
6732,3,2,0,0
6733,3,1,0,0
6734,2,1,0,1
6735,2,1,0,0
6736,2,1,0,1
6737,2,1,0,1
6738,2,1,0,0
6739,2,1,0,0
6740,2,3,0,0
6741,2,2,0,1
6742,2,2,0,1
6743,2,1,0,0
6744,2,1,0,1
6745,2,2,0,0
6746,2,1,0,1
6747,2,2,0,1
6748,2,2,0,1
6749,2,1,0,1
6750,2,2,0,1
6751,2,0,0,2
6752,2,0,0,2
6753,2,0,0,1
6754,2,0,0,2
6755,2,1,0,2
6756,2,1,0,1
6757,2,1,0,1
6758,3,1,0,1
6759,2,1,0,2
6760,1,1,0,1
6761,2,3,0,1
6762,2,3,0,1
6763,2,3,0,1
6764,2,2,0,1
6765,2,1,0,1
6766,2,2,0,0
6767,2,3,0,1
6768,2,2,0,1
6769,2,1,0,1
6770,2,1,0,1
6771,2,0,0,0
6772,3,0,0,0
6773,3,0,0,0
6774,2,0,0,0
6775,3,0,0,1
6776,2,1,0,1
6777,3,2,0,1
6778,3,1,0,1
6779,3,1,0,1
6780,2,1,0,1
6781,2,1,0,1
6782,3,1,0,1
6783,2,1,0,1
6784,2,1,0,1
6785,2,3,0,0
6786,2,2,0,1
6787,1,3,0,1
6788,2,3,0,1
6789,2,4,0,0
6790,2,3,0,1
6791,2,2,0,0
6792,2,3,0,1
6793,2,3,0,1
6794,2,3,0,1
6795,2,4,0,0
6796,2,3,0,0
6797,2,3,0,0
6798,2,4,0,0
6799,2,3,0,0
6800,2,3,0,0
6801,2,3,0,1
6802,2,3,0,1
6803,1,4,0,1
6804,2,4,0,0
6805,3,4,0,1
6806,2,4,0,1
6807,2,4,0,1
6808,4,2,0,1
6809,5,4,0,0
6810,4,3,0,0
6811,4,3,0,1
6812,3,3,0,0
6813,4,4,0,0
6814,3,3,0,0
6815,3,2,0,0
6816,3,2,0,0
6817,3,2,0,1
6818,5,2,0,0
6819,3,2,0,1
6820,5,2,0,1
6821,5,2,0,0
6822,7,2,0,0
6823,5,2,0,0
6824,5,2,0,0
6825,7,2,0,0
6826,5,2,0,0
6827,5,1,0,0
6828,4,1,0,0
6829,5,1,0,0
6830,4,1,0,1
6831,5,1,0,0
6832,4,1,0,1
6833,3,1,0,1
6834,5,0,0,1
6835,5,0,0,1
6836,3,0,0,1
6837,2,0,0,0
6838,3,0,0,1
6839,3,0,0,1
6840,2,0,0,1
6841,3,0,0,1
6842,2,2,0,1
6843,3,2,0,1
6844,2,1,0,1
6845,3,1,0,1
6846,2,1,0,1
6847,2,1,0,1
6848,3,1,0,1
6849,2,1,0,1
6850,2,1,0,1
6851,3,1,0,2
6852,2,2,0,2
6853,2,1,0,1
6854,2,2,0,1
6855,3,0,0,2
6856,2,1,0,1
6857,2,1,0,2
6858,2,0,0,2
6859,3,0,0,2
6860,4,0,0,2
6861,4,0,0,2
6862,5,0,0,2
6863,3,0,0,1
6864,3,0,0,2
6865,4,0,0,1
6866,4,0,0,1
6867,3,0,0,0
6868,3,0,0,2
6869,3,0,0,1
6870,3,0,0,0
6871,3,0,0,1
6872,2,0,0,2
6873,2,0,0,1
6874,2,0,0,2
6875,2,0,0,3
6876,3,0,0,1
6877,3,0,0,3
6878,2,0,0,2
6879,2,0,0,2
6880,2,0,0,1
6881,3,0,0,1
6882,3,0,0,2
6883,2,0,0,2
6884,3,0,0,1
6885,3,0,0,2
6886,3,0,0,2
6887,1,0,0,2
6888,3,0,0,2
6889,3,0,0,2
6890,2,0,0,2
6891,2,0,0,2
6892,3,0,0,1
6893,1,0,0,3
6894,2,0,0,2
6895,2,0,0,2
6896,1,0,0,1
6897,3,0,0,1
6898,3,0,0,2
6899,3,0,0,1
6900,2,0,0,1
6901,4,0,0,1
6902,4,0,0,1
6903,4,0,0,1
6904,4,0,0,1
6905,4,0,0,1
6906,4,0,0,1
6907,4,0,0,1
6908,4,0,0,1
6909,4,0,0,2
6910,4,0,0,2
6911,3,0,0,2
6912,4,0,0,1
6913,4,0,0,1
6914,4,0,0,2
6915,3,0,0,1
6916,3,0,0,1
6917,3,0,0,1
6918,3,0,0,1
6919,3,0,0,1
6920,3,0,0,1
6921,3,0,0,2
6922,4,0,0,1
6923,4,0,0,1
6924,4,0,0,1
6925,4,0,0,1
6926,4,0,0,1
6927,3,0,0,2
6928,3,0,0,2
6929,4,0,0,2
6930,3,0,0,1
6931,3,0,0,2
6932,4,0,0,1
6933,3,0,0,1
6934,4,0,0,1
6935,3,0,0,3
6936,3,0,0,3
6937,3,0,0,2
6938,3,0,0,1
6939,3,0,0,2
6940,3,0,0,1
6941,3,0,0,1
6942,3,0,0,3
6943,4,0,0,1
6944,3,0,0,2
6945,3,0,0,2
6946,3,0,0,2
6947,3,0,0,2
6948,4,0,0,3
6949,5,0,0,2
6950,4,0,0,1
6951,2,0,0,2
6952,2,0,0,3
6953,2,0,0,2
6954,2,0,0,2
6955,3,0,0,2
6956,2,0,0,3
6957,2,0,0,3
6958,2,0,0,3
6959,2,0,0,3
6960,2,0,0,2
6961,2,1,0,2
6962,1,1,0,2
6963,3,0,0,2
6964,2,1,0,2
6965,3,1,0,2
6966,3,2,0,2
6967,1,2,0,2
6968,2,2,0,2
6969,3,2,0,2
6970,3,2,0,2
6971,2,2,0,2
6972,1,2,0,2
6973,2,2,0,3
6974,1,1,0,2
6975,1,2,0,2
6976,1,2,0,2
6977,1,1,0,2
6978,2,1,0,2
6979,1,1,0,3
6980,1,1,0,3
6981,1,0,0,2
6982,1,3,0,3
6983,1,0,0,3
6984,1,0,0,3
6985,1,0,0,3
6986,2,1,0,3
6987,2,0,0,3
6988,2,0,0,3
6989,0,0,0,3
6990,0,0,0,3
6991,0,0,0,4
6992,1,0,0,4
6993,0,0,0,4
6994,1,0,0,5
6995,1,0,0,4
6996,1,0,0,4
6997,3,1,0,3
6998,2,1,0,3
6999,2,2,0,3
7000,1,1,0,3
7001,1,0,0,3
7002,1,1,0,4
7003,1,0,0,4
7004,2,0,0,2
7005,3,0,0,4
7006,2,0,0,3
7007,0,0,0,3
7008,1,0,0,3
7009,0,0,0,3
7010,0,0,0,3
7011,2,0,0,3
7012,2,0,0,4
7013,1,0,0,2
7014,1,0,0,3
7015,2,0,0,2
7016,2,0,0,3
7017,1,0,0,2
7018,1,0,0,3
7019,1,0,0,3
7020,1,0,0,3
7021,1,0,0,3
7022,0,0,0,3
7023,0,0,0,4
7024,0,0,0,2
7025,0,0,0,2
7026,0,0,0,3
7027,0,0,0,4
7028,1,0,0,3
7029,1,0,0,3
7030,2,0,0,4
7031,2,0,0,3
7032,1,0,0,3
7033,2,0,0,4
7034,1,1,0,3
7035,0,0,0,4
7036,2,0,0,3
7037,2,0,0,3
7038,2,0,0,4
7039,3,0,0,3
7040,1,0,0,3
7041,0,0,0,3
7042,2,1,0,2
7043,3,0,0,2
7044,2,1,0,2
7045,2,1,0,2
7046,3,1,0,2
7047,2,1,0,2
7048,4,1,1,2
7049,4,2,0,1
7050,3,2,0,2
7051,3,2,0,3
7052,3,1,0,2
7053,3,1,0,2
7054,3,1,0,3
7055,3,1,1,2
7056,2,1,0,3
7057,2,1,0,3
7058,2,1,1,2
7059,2,1,1,3
7060,2,1,1,3
7061,2,1,1,2
7062,2,1,0,3
7063,3,1,0,3
7064,2,1,0,3
7065,2,1,0,3
7066,2,1,0,2
7067,2,1,0,3
7068,2,1,0,3
7069,2,2,0,2
7070,2,1,0,1
7071,3,1,0,2
7072,2,1,0,2
7073,2,1,0,2
7074,2,1,0,2
7075,2,1,0,2
7076,2,1,0,1
7077,2,1,0,2
7078,3,1,0,1
7079,2,1,0,2
7080,2,1,0,1
7081,2,1,0,0
7082,1,1,0,1
7083,1,1,0,1
7084,1,1,0,0
7085,1,1,0,0
7086,1,1,0,1
7087,2,1,0,1
7088,2,1,0,0
7089,1,1,0,0
7090,1,1,0,0
7091,1,1,0,1
7092,1,1,0,1
7093,2,1,0,0
7094,2,1,0,1
7095,1,1,0,1
7096,2,1,0,1
7097,1,1,0,2
7098,2,1,0,1
7099,1,1,0,2
7100,2,0,0,1
7101,2,1,0,1
7102,3,1,0,0
7103,2,1,0,0
7104,2,1,0,0
7105,2,1,0,0
7106,2,1,0,1
7107,1,0,0,1
7108,1,0,0,0
7109,2,0,0,1
