second,cars,motorcycles,trucks,buses,others
1,64,4,20,0,13
2,27,48,7,0,15
3,11,90,8,0,43
4,66,51,17,0,45
5,53,56,36,0,46
6,63,36,31,0,30
7,69,0,30,0,26
8,45,4,24,0,16
9,43,17,29,0,2
10,43,38,4,0,35
11,25,72,4,0,59
12,16,49,25,0,45
13,73,12,15,0,22
14,40,17,9,0,81
15,43,26,37,0,77
16,64,31,71,0,55
17,57,31,52,0,46
18,67,24,57,0,38
19,53,1,62,27,6
20,52,8,41,51,11
21,36,31,69,30,46
22,36,23,73,21,26
23,47,0,66,0,8
24,55,0,60,0,1
25,31,0,60,0,3
26,30,0,47,3,3
27,17,0,26,0,3
28,33,0,30,1,20
29,20,0,28,0,12
30,11,22,19,0,15
31,24,40,12,0,36
32,45,45,31,0,34
33,24,34,12,0,18
34,62,10,30,0,1
35,41,0,63,0,1
36,19,3,39,0,0
37,24,25,48,0,7
38,31,66,62,3,5
39,17,124,63,13,69
40,4,103,62,23,43
41,32,116,74,30,101
42,82,119,45,22,133
43,100,149,37,2,142
44,62,172,18,2,122
45,30,137,16,1,142
46,47,87,55,1,72
47,72,14,55,2,92
48,93,5,91,0,75
49,72,11,84,0,33
50,105,47,37,0,53
51,98,40,42,0,32
52,87,5,32,0,12
53,100,2,2,0,6
54,131,5,1,0,0
55,91,23,17,0,5
56,115,37,16,0,8
57,123,38,24,0,34
58,101,53,40,0,33
59,91,8,65,1,12
60,122,22,60,3,4
61,73,0,53,2,7
62,85,23,39,0,11
63,85,23,48,0,25
64,102,8,69,1,12
65,81,60,67,10,50
66,33,41,77,12,52
67,30,70,71,2,60
68,16,60,55,0,40
69,20,48,67,0,36
70,17,0,89,0,9
71,2,0,103,0,20
72,0,0,88,0,25
73,1,23,89,0,18
74,12,38,102,0,2
75,30,63,101,0,48
76,17,34,77,0,34
77,0,24,70,0,21
78,0,0,62,0,18
79,0,13,60,0,45
80,0,0,60,0,0
81,1,0,48,0,0
82,1,23,54,0,24
83,4,9,86,0,26
84,0,56,72,0,31
85,0,77,76,0,79
86,6,53,104,0,82
87,6,64,59,0,93
88,19,18,80,0,29
89,44,1,109,0,37
90,42,2,118,0,26
91,6,10,119,0,21
92,31,67,102,0,73
93,30,74,58,0,104
94,49,91,23,0,151
95,26,59,8,0,128
96,7,73,29,0,103
97,9,158,22,0,151
98,30,97,31,0,88
99,23,107,46,0,141
100,31,57,63,1,182
101,42,40,87,0,68
102,72,42,92,0,43
103,71,57,87,0,19
104,65,48,66,9,24
105,64,53,65,11,64
106,105,59,59,2,68
107,74,36,94,0,39
108,97,21,100,0,58
109,133,4,71,0,78
110,108,0,80,6,26
111,73,8,96,24,34
112,114,30,88,10,40
113,130,40,65,28,58
114,155,33,66,28,61
115,153,39,67,21,59
116,147,31,39,26,62
117,93,35,40,0,83
118,66,67,22,2,77
119,45,67,22,0,56
120,46,75,10,0,106
121,33,98,7,0,128
122,31,69,0,0,69
123,30,47,0,0,104
124,10,65,0,0,51
125,0,36,0,0,5
126,52,43,0,0,40
127,65,31,0,0,69
128,66,41,2,0,23
129,71,21,29,0,2
130,52,0,50,0,0
131,8,5,70,0,38
132,41,25,85,0,47
133,55,0,65,0,1
134,70,45,82,0,48
135,61,82,34,0,103
136,50,92,32,0,74
137,63,61,66,0,41
138,72,48,81,1,56
139,47,77,59,0,101
140,73,60,53,0,71
141,69,41,74,0,37
142,84,39,79,2,9
143,84,42,52,1,18
144,82,63,49,2,60
145,81,56,82,0,34
146,104,33,82,1,23
147,92,35,80,0,18
148,34,19,97,3,4
149,16,43,64,1,13
150,1,36,42,15,64
151,2,77,1,33,80
152,37,52,9,31,57
153,71,42,15,32,49
154,99,31,31,12,36
155,39,0,32,0,4
156,27,0,0,0,0
157,26,0,0,0,0
158,0,0,0,0,0
159,2,0,0,0,5
160,7,0,0,0,3
161,1,3,1,0,16
162,2,0,30,0,15
163,4,0,30,0,4
164,30,0,30,0,2
165,44,48,30,0,66
166,27,53,23,0,63
167,30,17,23,0,14
168,57,36,6,0,57
169,48,56,7,0,98
170,18,37,17,2,61
171,21,27,3,0,23
172,59,15,12,0,8
173,67,19,28,0,13
174,52,37,28,1,33
175,17,22,29,26,45
176,23,10,3,30,32
177,0,0,1,26,33
178,0,24,18,10,67
179,23,37,30,0,113
180,31,8,36,5,88
181,25,15,48,30,86
182,40,22,75,21,92
183,43,6,68,17,128
184,15,1,28,0,136
185,1,5,15,2,140
186,1,58,0,0,109
187,1,48,3,0,100
188,0,124,0,0,125
189,4,98,0,0,120
190,30,127,0,0,153
191,52,136,0,0,189
192,82,64,1,0,150
193,48,54,15,0,129
194,80,62,51,0,119
195,116,39,46,1,115
196,104,59,40,0,151
197,83,64,30,0,139
198,65,38,31,0,105
199,86,43,30,0,71
200,95,11,29,0,90
201,96,48,45,0,130
202,62,80,44,0,131
203,52,72,13,0,81
204,53,53,0,0,52
205,82,48,0,0,37
206,51,21,9,0,59
207,65,40,31,0,70
208,40,72,30,0,136
209,37,63,37,0,118
210,34,62,33,0,83
211,70,57,34,0,114
212,67,55,39,0,123
213,67,23,36,1,135
214,38,27,57,12,51
215,38,2,59,2,34
216,60,5,62,4,37
217,62,30,56,0,84
218,40,15,52,1,65
219,36,0,79,2,32
220,31,0,36,1,57
221,41,5,62,3,53
222,31,0,58,6,42
223,41,37,72,0,80
224,89,41,29,0,96
225,76,48,22,0,71
226,66,33,30,0,111
227,67,88,18,0,157
228,123,44,13,0,148
229,84,19,39,0,40
230,71,0,52,0,2
231,109,0,38,0,15
232,88,0,61,0,11
233,47,33,72,0,27
234,37,6,97,0,5
235,46,11,84,1,8
236,68,32,68,5,43
237,47,25,20,0,52
238,86,10,2,0,43
239,27,25,21,0,38
240,55,11,13,0,87
241,7,28,9,0,98
242,1,24,14,0,95
243,3,1,25,0,46
244,2,20,24,0,60
245,3,30,14,0,99
246,0,30,0,0,111
247,1,6,0,0,25
248,5,7,17,0,9
249,17,3,34,0,21
250,31,1,52,0,20
251,39,16,58,0,43
252,10,44,42,0,70
253,39,48,23,0,84
254,44,20,1,0,66
255,17,30,0,0,24
256,26,0,7,0,18
257,1,3,4,0,7
258,1,0,0,0,1
259,0,3,0,0,13
260,8,13,5,0,28
261,3,12,9,0,1
262,0,24,6,0,31
263,1,12,0,0,22
264,8,33,7,0,41
265,12,10,10,0,19
266,29,27,22,0,35
267,14,53,10,0,73
268,47,63,31,0,82
269,57,27,32,0,65
270,46,20,61,0,88
271,2,30,53,0,107
272,3,23,34,0,93
273,1,31,30,0,78
274,0,51,34,0,104
275,43,47,44,0,97
276,47,9,36,0,49
277,59,5,71,0,37
278,65,3,102,0,37
279,40,14,97,0,61
280,46,18,95,0,28
281,56,3,83,0,11
282,27,50,60,0,70
283,19,62,50,0,96
284,69,31,50,0,33
285,108,4,58,0,11
286,106,0,51,0,33
287,144,0,57,0,9
288,142,0,50,0,0
289,114,0,46,0,14
290,140,7,44,2,48
291,112,4,54,0,4
292,124,23,71,0,24
293,159,30,59,0,27
294,153,16,48,0,10
295,159,28,42,0,0
296,118,0,96,0,0
297,108,7,73,0,0
298,126,10,63,0,3
299,106,2,60,0,2
300,104,5,51,0,4
301,70,17,47,0,25
302,81,31,49,0,39
303,96,21,41,0,0
304,145,36,42,0,31
305,122,28,30,0,29
306,62,28,30,0,22
307,72,6,28,0,0
308,114,13,19,0,42
309,120,27,30,0,56
310,123,44,27,0,46
311,145,31,28,0,59
312,74,2,54,0,29
313,48,0,60,1,21
314,55,3,38,0,48
315,51,3,48,0,59
316,65,21,39,0,68
317,45,30,27,0,82
318,23,22,52,0,57
319,46,0,38,0,66
320,60,1,10,0,49
321,0,0,0,0,49
322,10,19,0,0,48
323,37,68,0,0,102
324,47,49,2,0,122
325,32,14,16,0,73
326,10,4,36,0,54
327,40,88,35,0,166
328,48,89,56,0,158
329,28,29,43,0,75
330,73,3,26,0,78
331,87,3,38,11,58
332,88,0,81,1,28
333,69,1,84,1,12
334,95,20,43,5,37
335,93,33,68,10,81
336,73,62,27,18,114
337,81,62,23,25,90
338,74,37,18,30,67
339,75,32,62,4,72
340,51,47,41,1,87
341,6,61,29,0,41
342,15,66,29,0,65
343,35,9,22,0,67
344,46,4,5,0,73
345,21,28,2,0,70
346,45,0,3,0,33
347,55,0,1,0,53
348,72,0,12,0,42
349,64,0,20,0,15
350,9,0,28,0,19
351,12,0,30,0,10
352,26,19,29,0,47
353,28,83,21,0,164
354,10,120,0,0,192
355,3,129,0,0,219
356,26,135,0,0,201
357,42,102,0,0,202
358,85,30,12,2,123
359,42,11,31,3,129
360,34,31,49,1,186
361,26,46,51,0,193
362,20,118,29,12,150
363,43,114,19,14,118
364,40,66,20,1,66
365,48,93,3,0,113
366,18,75,14,0,129
367,20,55,41,0,89
368,5,48,40,0,68
369,33,14,16,0,70
370,46,59,2,0,21
371,34,127,14,0,41
372,64,69,18,0,80
373,63,66,12,0,128
374,46,50,2,0,80
375,15,15,0,0,37
376,41,0,12,0,12
377,76,3,23,0,8
378,112,0,29,0,0
379,81,19,31,0,3
380,73,38,31,0,26
381,22,20,81,0,11
382,37,6,75,0,41
383,29,10,49,0,26
384,40,0,48,3,7
385,57,17,40,0,23
386,96,38,62,0,18
387,77,71,86,0,35
388,96,23,65,0,25
389,90,7,28,0,5
390,77,0,11,0,34
391,4,1,0,0,53
392,0,21,0,0,65
393,0,7,0,0,5
394,0,0,0,0,0
395,0,6,0,0,6
396,2,36,0,0,32
397,10,37,0,0,45
398,1,50,4,0,62
399,0,24,0,0,17
400,4,23,0,0,39
401,8,25,0,0,61
402,30,9,0,0,60
403,47,6,0,0,46
404,54,19,0,0,43
405,38,26,0,0,64
406,48,51,17,0,106
407,42,46,45,0,119
408,64,29,64,1,48
409,96,24,79,1,38
410,109,2,52,0,1
411,81,0,17,0,0
412,93,0,4,0,0
413,87,1,11,0,3
414,61,5,33,0,20
415,63,64,20,1,64
416,56,45,24,1,75
417,24,50,28,0,46
418,41,24,30,2,47
419,31,0,30,5,29
420,22,1,29,0,23
421,10,0,25,0,29
422,30,7,16,0,19
423,26,20,13,0,13
424,32,36,0,0,45
425,19,28,1,0,27
426,24,1,0,0,26
427,30,29,0,0,24
428,0,32,1,0,23
429,4,31,14,3,20
430,3,13,33,0,2
431,37,14,47,3,5
432,70,20,57,0,35
433,78,30,34,0,40
434,106,17,37,0,44
435,56,55,36,0,66
436,61,34,26,0,37
437,33,24,9,0,23
438,8,58,10,0,61
439,2,63,30,1,106
440,38,84,30,0,130
441,54,75,39,0,57
442,44,62,52,0,54
443,24,21,62,0,36
444,42,18,76,0,5
445,20,47,80,0,44
446,39,55,102,0,62
447,73,63,67,0,69
448,73,55,75,0,52
449,53,48,55,3,57
450,59,21,34,0,13
451,61,14,70,0,19
452,76,31,65,0,31
453,101,16,64,0,14
454,90,34,61,0,51
455,43,31,50,0,57
456,40,21,65,0,24
457,55,0,57,0,1
458,56,0,79,0,2
459,31,0,97,0,3
460,31,0,88,0,3
461,37,0,76,0,2
462,5,0,58,0,0
463,23,0,75,0,0
464,60,11,94,0,43
465,90,34,73,0,57
466,66,38,105,0,53
467,52,19,106,0,36
468,62,25,63,0,63
469,63,32,84,0,33
470,74,15,115,0,4
471,74,0,104,0,2
472,50,0,89,0,41
473,33,0,98,0,28
474,31,41,89,0,67
475,6,7,71,0,50
476,30,8,68,0,70
477,30,4,101,0,76
478,32,17,102,0,65
479,58,40,85,0,140
480,44,50,75,0,173
481,70,73,92,0,187
482,74,74,76,0,165
483,105,70,44,0,117
484,105,85,64,0,167
485,73,82,25,0,231
486,83,90,26,0,171
487,89,87,26,0,208
488,107,50,26,0,115
489,140,0,26,17,87
490,99,7,10,20,78
491,88,21,30,3,113
492,51,39,31,0,141
493,91,20,43,0,62
494,90,8,81,0,29
495,46,2,95,0,1
496,69,37,71,0,15
497,20,30,62,0,42
498,24,24,40,0,74
499,27,29,38,0,75
500,45,26,32,0,37
501,47,1,48,0,8
502,30,15,52,0,38
503,24,0,37,0,14
504,9,0,18,0,1
505,31,0,32,0,3
506,37,4,44,0,21
507,11,24,27,0,23
508,4,3,9,0,3
509,24,0,22,0,2
510,66,13,27,0,2
511,9,17,40,0,1
512,31,0,19,0,6
513,26,0,7,0,12
514,50,1,19,0,29
515,59,19,25,0,20
516,35,84,30,0,127
517,50,85,51,0,116
518,62,39,85,0,81
519,45,3,47,0,49
520,3,7,29,1,70
521,22,33,37,2,139
522,55,5,23,0,96
523,60,0,40,0,67
524,48,2,43,0,63
525,36,0,81,0,60
526,77,6,58,0,65
527,70,9,57,2,63
528,55,28,32,0,48
529,33,70,30,0,150
530,34,32,41,0,118
531,58,43,38,1,105
532,81,0,59,1,90
533,62,18,47,2,71
534,58,37,69,1,65
535,65,29,37,6,69
536,56,42,76,3,94
537,76,20,48,0,62
538,41,0,54,0,37
539,22,16,65,0,44
540,38,25,60,1,43
541,38,0,60,15,32
542,64,0,90,0,46
543,107,0,74,0,49
544,77,2,50,0,45
545,31,1,54,0,58
546,34,4,26,0,67
547,28,1,30,0,84
548,31,0,33,10,72
549,43,0,36,27,75
550,12,6,34,2,87
551,25,44,0,0,68
552,9,40,0,0,148
553,27,40,1,0,96
554,31,41,0,0,56
555,29,14,5,0,44
556,27,26,4,0,88
557,6,0,2,0,18
558,21,0,9,0,30
559,66,1,21,11,41
560,92,19,13,12,44
561,74,0,38,1,43
562,67,0,16,1,56
563,72,2,8,1,59
564,44,0,7,0,41
565,1,0,9,0,70
566,35,0,33,0,35
567,68,1,38,0,41
568,77,34,2,0,32
569,86,45,6,0,32
570,103,60,0,0,40
571,79,53,5,0,45
572,68,49,12,0,74
573,84,30,8,0,78
574,88,43,25,0,78
575,21,37,34,0,49
576,57,25,18,0,43
577,70,12,3,0,41
578,119,27,1,0,14
579,127,21,18,0,12
580,140,60,5,0,96
581,67,50,26,0,40
582,67,16,61,0,5
583,71,18,44,0,7
584,80,6,53,0,6
585,28,23,77,0,28
586,12,59,90,0,39
587,35,83,90,0,84
588,141,45,116,1,35
589,115,20,68,16,15
590,78,5,47,0,5
591,116,3,27,0,1
592,106,2,21,0,0
593,61,2,51,0,5
594,96,43,60,4,41
595,48,62,77,0,29
596,31,63,69,0,27
597,78,66,59,2,27
598,81,62,107,0,45
599,47,27,137,0,19
600,58,1,116,0,31
601,30,0,153,0,6
602,34,1,138,0,22
603,33,0,92,9,35
604,38,30,90,5,53
605,56,28,89,15,70
606,63,21,103,3,66
607,64,41,75,0,60
608,59,15,62,1,45
609,80,7,66,2,38
610,68,0,70,13,44
611,49,15,54,7,90
612,110,6,32,0,77
613,158,0,31,0,67
614,114,3,38,0,36
615,115,27,27,0,71
616,125,64,25,0,106
617,126,80,15,0,147
618,177,67,4,0,110
619,153,64,8,0,79
620,93,34,10,0,53
621,91,29,42,1,56
622,103,25,28,0,23
623,93,10,31,0,23
624,33,60,27,0,54
625,32,41,27,0,49
626,30,7,51,0,16
627,27,26,53,0,6
628,7,69,59,0,27
629,3,84,60,0,131
630,17,76,41,0,176
631,42,82,30,0,127
632,44,41,31,0,66
633,68,45,30,0,118
634,26,30,30,0,131
635,51,19,63,0,94
636,127,6,67,6,66
637,90,0,57,0,70
638,44,0,71,0,77
639,34,7,65,2,42
640,36,50,66,0,82
641,53,54,62,0,104
642,32,54,86,0,70
643,58,0,102,0,39
644,28,2,69,0,66
645,29,12,74,0,62
646,27,0,53,1,34
647,38,0,32,0,32
648,47,25,35,0,56
649,75,33,39,0,68
650,131,37,38,0,67
651,88,58,47,0,89
652,96,80,7,0,108
653,99,60,15,0,92
654,51,17,35,0,50
655,35,12,27,0,45
656,47,34,71,1,71
657,15,25,59,0,80
658,56,33,45,0,55
659,82,13,59,2,11
660,72,13,102,1,33
661,46,31,100,0,21
662,108,0,103,0,3
663,5,23,99,0,18
664,24,53,71,0,77
665,34,53,105,0,47
666,36,31,103,1,35
667,62,58,58,24,84
668,32,35,34,31,31
669,22,38,6,32,27
670,51,28,0,30,25
671,50,26,2,30,14
672,83,0,12,16,25
673,150,2,16,0,44
674,93,7,39,0,21
675,75,0,47,0,13
676,91,0,55,0,0
677,97,24,47,0,35
678,99,30,38,0,77
679,69,38,75,0,117
680,72,19,45,0,118
681,109,24,50,0,97
682,114,11,58,0,24
683,86,63,51,0,59
684,99,95,39,0,150
685,117,144,29,0,249
686,136,181,2,0,225
687,80,129,3,0,177
688,85,104,24,0,150
689,75,86,38,0,183
690,120,53,43,0,77
691,95,25,17,0,41
692,84,66,27,0,32
693,33,100,26,0,99
694,67,144,21,0,140
695,85,69,2,0,82
696,34,41,0,0,62
697,5,37,0,0,38
698,12,23,1,0,12
699,30,31,0,0,6
700,42,29,0,0,0
701,11,16,0,0,0
702,20,9,0,0,8
703,2,0,0,0,9
704,0,11,0,0,25
705,0,36,0,0,40
706,47,40,0,0,97
707,45,39,0,0,70
708,37,94,7,0,128
709,33,126,3,0,142
710,6,63,8,0,105
711,27,42,10,0,50
712,22,31,17,0,16
713,7,5,29,0,3
714,19,0,23,0,7
715,3,0,0,0,9
716,2,1,0,0,35
717,8,1,0,0,22
718,31,35,0,0,89
719,21,32,11,0,116
720,1,19,30,0,57
721,12,0,30,0,21
722,33,18,5,0,65
723,36,2,5,0,42
724,37,27,5,0,27
725,24,47,11,0,43
726,21,61,12,0,45
727,8,45,18,0,82
728,24,78,21,0,91
729,34,37,22,0,40
730,46,45,15,0,94
731,68,47,30,3,67
732,42,24,23,13,24
733,0,0,5,29,0
734,18,0,0,30,0
735,47,0,0,30,0
736,34,6,8,27,7
737,20,4,8,3,19
738,17,34,1,0,40
739,24,13,0,0,13
740,8,0,0,0,11
741,59,0,4,0,0
742,57,0,1,0,2
743,7,0,9,0,8
744,53,29,31,0,43
745,61,65,4,0,100
746,75,10,26,1,23
747,94,4,19,0,4
748,16,4,39,0,4
749,78,2,43,0,0
750,83,17,33,0,0
751,46,17,55,0,0
752,53,0,72,2,0
753,56,26,51,3,13
754,38,34,72,0,59
755,37,46,60,0,53
756,9,33,36,7,25
757,19,0,16,0,8
758,59,0,0,0,2
759,64,31,0,0,30
760,31,31,0,0,27
761,53,10,11,0,5
762,28,24,30,0,26
763,4,91,30,6,65
764,9,28,30,0,41
765,23,4,18,0,55
766,58,6,3,0,35
767,45,0,7,0,57
768,39,29,27,0,111
769,59,64,31,0,60
770,70,58,38,2,46
771,37,105,23,0,102
772,47,126,9,0,108
773,50,42,0,0,70
774,34,93,0,0,82
775,72,45,0,0,60
776,33,24,18,2,34
777,13,29,3,0,46
778,9,90,0,0,56
779,23,18,0,0,30
780,30,14,8,0,31
781,25,12,1,0,18
782,3,14,8,0,3
783,7,23,4,0,29
784,38,9,0,0,59
785,32,29,0,0,78
786,15,39,0,0,93
787,13,41,1,0,111
788,1,40,10,0,108
789,35,26,6,0,44
790,60,40,0,0,102
791,53,41,0,0,100
792,50,1,9,1,63
793,31,0,36,0,50
794,76,0,41,0,64
795,90,0,26,0,31
796,92,15,12,2,38
797,109,38,0,0,38
798,89,12,15,0,5
799,85,3,20,0,17
800,60,5,28,0,23
801,115,7,30,0,17
802,140,21,12,0,20
803,153,7,7,0,5
804,122,48,27,0,29
805,33,37,42,8,34
806,10,30,54,0,51
807,27,6,73,0,13
808,15,17,54,0,34
809,6,32,37,0,72
810,25,33,30,0,63
811,26,3,26,0,35
812,48,0,29,0,32
813,39,23,24,0,82
814,1,38,3,0,127
815,4,55,0,0,114
816,60,73,29,1,81
817,77,52,61,11,75
818,84,64,9,4,107
819,45,65,7,6,123
820,47,55,23,0,140
821,65,39,9,0,120
822,58,31,33,0,97
823,44,30,54,0,94
824,58,40,48,0,85
825,80,12,67,0,97
826,116,0,65,0,59
827,103,18,72,0,113
828,113,67,55,0,160
829,60,46,37,0,116
830,19,6,54,0,135
831,52,0,26,5,123
832,55,1,11,0,122
833,96,5,13,0,114
834,93,29,2,0,107
835,84,46,0,0,109
836,125,28,0,0,84
837,137,56,1,0,107
838,155,88,4,0,96
839,136,42,23,0,138
840,121,42,37,2,137
841,65,12,20,0,111
842,45,0,1,0,100
843,58,1,12,16,104
844,35,15,21,13,81
845,29,26,2,0,83
846,114,22,4,0,101
847,105,23,24,0,89
848,84,14,23,0,85
849,57,0,40,0,65
850,63,0,38,0,60
851,129,18,30,0,48
852,66,11,38,1,43
853,39,5,62,1,37
854,34,14,83,0,128
855,35,0,84,1,34
856,33,2,42,0,1
857,59,6,37,1,13
858,81,16,30,0,75
859,75,32,33,0,106
860,64,20,33,0,42
861,68,0,30,1,6
862,76,2,45,11,25
863,72,6,58,8,31
864,35,6,55,4,10
865,7,0,60,9,3
866,4,0,51,6,13
867,12,23,39,31,79
868,35,0,38,5,37
869,54,0,30,2,5
870,80,40,44,1,69
871,41,21,61,0,52
872,75,8,60,0,2
873,98,43,73,0,61
874,60,86,71,0,103
875,48,41,82,0,57
876,60,21,53,0,29
877,36,118,31,0,92
878,82,72,47,0,54
879,41,74,29,0,27
880,55,81,41,0,36
881,78,60,48,0,45
882,89,72,37,0,89
883,56,33,57,0,76
884,20,30,59,0,72
885,1,18,61,0,58
886,1,28,50,1,92
887,4,51,39,0,80
888,29,56,56,0,37
889,24,92,57,0,116
890,5,61,52,0,88
891,37,26,32,0,48
892,38,5,30,0,48
893,21,16,11,0,56
894,56,36,1,0,90
895,52,6,20,0,105
896,12,30,30,0,82
897,21,31,31,0,40
898,78,14,38,0,32
899,89,31,31,1,87
900,81,13,34,0,68
901,86,0,46,0,43
902,58,0,50,0,27
903,133,0,21,0,0
904,172,0,40,0,13
905,142,0,65,0,17
906,113,15,86,0,6
907,107,17,61,0,8
908,80,44,73,0,91
909,37,98,81,1,216
910,49,39,84,9,103
911,114,73,31,30,170
912,89,116,45,31,211
913,64,97,71,11,177
914,59,88,52,0,113
915,56,89,37,0,99
916,71,46,55,0,67
917,56,50,70,0,73
918,35,51,81,0,66
919,10,14,79,0,55
920,42,12,80,0,32
921,29,22,84,0,21
922,16,21,69,0,34
923,44,8,50,0,37
924,59,0,32,0,37
925,42,0,32,0,8
926,82,0,32,0,17
927,108,8,44,0,11
928,80,54,25,0,105
929,52,5,39,1,14
930,57,0,13,0,13
931,39,9,24,0,37
932,79,13,1,0,37
933,85,12,8,0,51
934,66,31,21,0,62
935,97,87,3,0,92
936,44,32,22,0,30
937,27,0,27,0,3
938,25,0,32,0,26
939,44,0,35,2,8
940,41,3,53,31,49
941,29,0,42,18,5
942,7,1,35,2,4
943,40,7,46,9,11
944,19,45,55,0,45
945,24,47,29,0,29
946,31,14,41,0,9
947,38,13,35,0,7
948,49,24,45,0,15
949,17,0,37,0,19
950,12,0,30,0,12
951,36,0,9,0,36
952,38,63,18,0,67
953,36,70,21,0,46
954,6,23,30,0,28
955,21,24,32,0,44
956,41,20,36,0,50
957,20,10,50,1,21
958,38,33,44,0,78
959,67,26,28,0,33
960,78,0,30,0,0
961,37,0,53,0,0
962,47,1,58,0,8
963,39,6,56,0,29
964,63,38,61,0,17
965,59,35,74,0,15
966,66,0,113,0,16
967,40,14,91,0,40
968,24,0,83,0,23
969,1,0,43,0,11
970,10,0,65,0,3
971,13,0,63,0,8
972,62,4,62,0,2
973,74,0,60,0,0
974,84,0,80,0,0
975,78,32,71,0,25
976,83,38,60,0,40
977,86,5,65,0,59
978,95,22,91,1,80
979,26,44,74,1,83
980,96,18,82,0,46
981,86,36,43,0,33
982,71,72,25,0,126
983,56,59,15,0,83
984,48,41,0,0,70
985,85,4,16,0,41
986,62,6,46,1,83
987,60,19,90,0,35
988,93,40,80,0,21
989,106,49,86,1,39
990,138,23,79,2,7
991,152,85,18,0,42
992,144,82,16,0,29
993,136,35,44,1,35
994,119,9,48,0,8
995,67,0,39,8,16
996,11,1,76,14,0
997,16,0,88,13,0
998,37,0,71,31,0
999,62,0,67,45,3
1000,36,0,121,10,1
1001,84,0,105,7,36
1002,88,26,33,6,105
1003,57,44,43,1,57
1004,53,34,65,0,43
1005,48,38,76,1,31
1006,31,26,55,0,34
1007,32,13,53,0,62
1008,30,45,36,0,99
1009,13,31,33,0,104
1010,3,30,31,1,82
1011,12,6,30,9,32
1012,11,0,26,20,18
1013,30,0,18,16,36
1014,24,15,29,0,78
1015,33,47,8,0,145
1016,29,35,0,0,142
1017,22,0,0,0,137
1018,30,43,0,0,139
1019,39,9,1,0,60
1020,41,9,6,0,124
1021,57,29,9,0,113
1022,101,24,23,0,64
1023,42,2,20,0,21
1024,66,46,20,0,71
1025,43,32,27,0,85
1026,28,31,8,0,79
1027,31,4,19,0,4
1028,56,0,0,0,1
1029,105,1,0,0,2
1030,77,29,0,0,26
1031,53,28,0,0,32
1032,100,37,1,0,61
1033,154,33,26,0,61
1034,110,76,30,0,174
1035,90,81,30,0,167
1036,141,38,33,3,113
1037,77,51,34,0,130
1038,79,45,24,0,70
1039,97,23,17,0,58
1040,76,61,40,1,84
1041,66,37,66,0,82
1042,73,20,40,4,28
1043,65,9,34,0,3
1044,85,9,72,1,2
1045,91,5,37,0,2
1046,50,0,46,2,0
1047,85,2,38,2,1
1048,100,1,92,0,0
1049,44,0,63,3,0
1050,67,0,43,0,15
1051,56,0,55,0,5
1052,13,0,62,0,15
1053,6,3,38,0,1
1054,7,0,20,0,6
1055,5,0,7,0,0
1056,13,5,0,0,38
1057,6,5,0,0,6
1058,37,29,3,0,21
1059,30,20,0,0,25
1060,56,64,0,0,35
1061,67,65,0,0,43
1062,65,61,0,0,35
1063,31,32,0,0,25
1064,12,1,0,0,25
1065,51,0,0,0,15
1066,75,2,13,0,8
1067,51,0,27,0,1
1068,83,0,17,0,11
1069,137,1,7,3,16
1070,114,0,4,15,3
1071,97,3,0,0,15
1072,53,6,2,0,9
1073,45,54,3,0,40
1074,48,44,2,0,102
1075,36,13,12,0,63
1076,36,0,23,0,31
1077,9,4,23,0,27
1078,10,11,17,0,19
1079,33,20,0,0,37
1080,25,9,0,0,38
1081,26,0,0,0,28
1082,20,0,0,0,5
1083,6,2,0,0,31
1084,13,28,0,0,73
1085,20,37,0,0,98
1086,2,31,2,0,73
1087,24,41,7,1,61
1088,21,30,0,0,49
1089,44,25,0,0,62
1090,47,3,22,0,55
1091,51,5,30,0,74
1092,63,32,30,0,98
1093,92,67,18,0,135
1094,108,82,17,0,190
1095,128,83,1,0,110
1096,116,18,14,0,58
1097,71,53,33,0,134
1098,92,24,25,0,58
1099,108,23,25,0,52
1100,75,29,16,0,44
1101,61,34,7,0,61
1102,55,34,9,0,57
1103,59,40,11,0,6
1104,101,87,23,0,56
1105,116,85,5,0,66
1106,85,48,17,0,51
1107,97,36,25,0,37
1108,94,16,59,0,65
1109,112,16,25,0,29
1110,110,48,8,0,60
1111,72,39,11,0,24
1112,62,19,16,0,13
1113,25,19,30,0,38
1114,0,26,30,0,23
1115,22,36,33,0,25
1116,37,51,25,0,15
1117,61,49,1,0,42
1118,46,6,2,0,25
1119,34,23,0,0,30
1120,78,19,0,0,11
1121,104,53,0,0,50
1122,119,33,0,0,31
1123,75,20,0,0,36
1124,70,27,1,0,79
1125,94,43,3,0,100
1126,45,7,47,1,74
1127,31,0,29,2,47
1128,29,0,22,6,55
1129,34,0,30,0,20
1130,50,0,26,0,15
1131,63,0,11,0,41
1132,64,0,10,0,27
1133,68,10,3,0,29
1134,60,39,25,0,44
1135,54,26,47,0,28
1136,32,4,51,0,9
1137,19,39,48,0,61
1138,30,0,47,0,34
1139,31,16,27,0,80
1140,33,17,19,0,68
1141,60,26,12,0,29
1142,52,69,4,0,27
1143,11,41,1,0,37
1144,51,73,0,0,112
1145,47,21,2,0,29
1146,55,0,11,0,6
1147,28,0,29,1,6
1148,103,1,26,0,12
1149,39,31,33,0,65
1150,50,14,30,0,33
1151,61,1,37,0,6
1152,32,9,34,0,23
1153,33,25,24,0,15
1154,87,79,25,0,24
1155,74,33,26,0,82
1156,96,8,43,0,41
1157,82,2,61,0,25
1158,117,24,68,0,29
1159,97,43,55,0,5
1160,42,0,60,0,7
1161,53,17,69,0,24
1162,56,25,62,6,40
1163,41,36,53,2,92
1164,29,56,30,0,123
1165,96,35,34,0,54
1166,56,11,58,6,66
1167,57,40,36,29,76
1168,90,72,53,10,70
1169,119,81,40,0,85
1170,120,63,22,0,53
1171,135,32,28,0,34
1172,147,31,19,0,24
1173,124,1,30,0,10
1174,57,0,30,3,0
1175,81,0,19,0,8
1176,82,0,8,0,7
1177,79,0,49,0,0
1178,42,0,32,0,6
1179,23,0,18,0,0
1180,67,15,25,0,15
1181,98,39,10,0,48
1182,53,42,21,0,48
1183,45,0,40,0,11
1184,61,0,46,0,2
1185,78,4,59,0,41
1186,68,32,43,0,53
1187,41,13,51,0,36
1188,49,0,38,0,37
1189,95,31,48,0,46
1190,119,39,36,0,39
1191,71,32,46,0,51
1192,106,15,77,1,61
1193,101,36,45,0,77
1194,86,23,34,0,57
1195,104,0,31,2,32
1196,120,0,11,3,31
1197,96,0,17,9,30
1198,92,0,4,1,31
1199,103,25,10,1,111
1200,91,30,32,8,103
1201,54,30,33,27,101
1202,46,9,35,29,49
1203,64,0,48,8,17
1204,115,1,21,0,25
1205,102,0,54,0,43
1206,72,27,62,0,56
1207,47,0,65,0,7
1208,82,0,43,0,0
1209,83,3,39,4,26
1210,120,0,55,3,26
1211,105,0,40,0,13
1212,81,7,34,0,6
1213,74,29,30,0,21
1214,60,64,34,0,61
1215,46,52,26,0,20
1216,45,36,53,8,7
1217,48,4,79,7,3
1218,66,0,35,0,0
1219,54,0,27,0,11
1220,67,1,55,0,29
1221,63,35,48,7,98
1222,65,48,60,5,98
1223,87,21,32,1,44
1224,121,48,23,0,25
1225,100,56,19,0,52
1226,112,38,49,0,36
1227,88,2,41,0,25
1228,56,0,44,1,1
1229,13,31,30,0,29
1230,22,23,30,0,19
1231,73,5,55,0,3
1232,90,1,66,2,30
1233,89,6,60,4,27
1234,89,62,72,9,146
1235,130,43,51,0,138
1236,70,29,30,0,114
1237,110,23,21,0,74
1238,129,0,4,0,85
1239,104,31,0,0,164
1240,58,31,0,0,184
1241,48,8,0,0,158
1242,45,0,8,4,156
1243,61,8,9,0,167
1244,19,7,0,0,131
1245,39,0,0,0,60
1246,29,4,15,0,55
1247,0,3,20,0,102
1248,9,1,29,0,52
1249,16,52,3,0,82
1250,54,82,13,2,86
1251,41,38,9,0,128
1252,43,36,18,0,79
1253,24,5,57,0,11
1254,20,8,50,0,12
1255,9,18,4,0,42
1256,42,64,0,0,18
1257,23,57,24,0,56
1258,31,67,22,0,53
1259,21,52,0,0,67
1260,41,38,1,0,76
1261,57,24,3,0,93
1262,78,41,30,0,106
1263,87,56,18,0,108
1264,100,23,16,0,25
1265,117,13,5,0,34
1266,133,1,20,0,48
1267,149,0,30,0,36
1268,113,0,11,0,35
1269,98,0,8,0,30
1270,120,0,7,0,32
1271,141,0,20,0,41
1272,164,29,4,0,61
1273,149,3,7,0,32
1274,147,24,44,0,82
1275,117,20,48,0,113
1276,100,34,18,0,85
1277,161,53,2,0,74
1278,162,35,1,0,81
1279,137,60,10,0,86
1280,110,66,13,0,86
1281,112,42,23,0,80
1282,156,44,16,0,72
1283,148,29,58,0,77
1284,109,3,30,0,55
1285,76,13,9,0,66
1286,46,6,3,0,46
1287,43,5,3,0,78
1288,64,15,0,0,86
1289,127,5,0,0,98
1290,61,46,1,0,102
1291,118,71,0,0,94
1292,149,35,5,0,79
1293,152,58,14,0,133
1294,116,60,30,0,70
1295,164,35,34,0,67
1296,165,41,67,0,94
1297,145,46,84,0,86
1298,133,48,77,0,58
1299,119,38,58,0,29
1300,151,17,69,0,16
1301,130,9,46,0,11
1302,149,39,53,0,24
1303,143,23,53,2,79
1304,126,28,67,6,90
1305,142,11,59,0,74
1306,154,15,49,0,66
1307,139,31,35,0,88
1308,163,17,58,1,34
1309,160,2,67,0,8
1310,163,0,59,6,6
1311,102,0,50,0,0
1312,40,0,133,0,0
1313,39,15,142,0,31
1314,50,18,110,0,14
1315,73,0,95,1,5
1316,66,0,132,14,17
1317,65,7,111,0,46
1318,109,11,123,1,30
1319,118,11,110,1,21
1320,98,35,71,0,16
1321,93,35,75,26,12
1322,91,54,51,28,42
1323,83,80,32,30,70
1324,81,71,46,30,50
1325,19,35,32,35,42
1326,5,32,27,43,38
1327,37,31,25,40,11
1328,57,1,31,34,4
1329,86,0,26,44,5
1330,24,0,30,36,1
1331,11,0,38,34,3
1332,66,3,60,33,5
1333,30,30,69,22,3
1334,58,60,94,10,42
1335,39,22,74,0,16
1336,91,59,74,0,54
1337,60,60,60,1,26
1338,78,39,45,0,13
1339,90,44,31,0,42
1340,69,55,9,0,105
1341,63,65,0,0,79
1342,101,33,1,0,67
1343,84,16,7,0,23
1344,58,9,1,0,37
1345,144,38,2,0,51
1346,158,75,11,0,97
1347,169,104,2,0,99
1348,163,209,5,0,219
1349,192,209,5,0,305
1350,105,274,18,0,331
1351,107,233,15,0,262
1352,165,132,40,0,163
1353,130,69,61,0,113
1354,102,47,38,8,39
1355,91,47,29,39,42
1356,105,84,32,30,132
1357,26,111,31,31,79
1358,77,38,35,30,16
1359,128,43,31,30,35
1360,74,25,47,30,14
1361,78,23,46,7,8
1362,59,27,46,0,1
1363,52,49,73,0,9
1364,89,97,60,0,36
1365,94,88,52,0,12
1366,145,63,25,0,73
1367,167,62,17,0,59
1368,118,33,41,0,23
1369,127,1,48,0,1
1370,121,1,56,0,2
1371,145,0,28,0,0
1372,116,12,22,0,0
1373,108,10,15,0,20
1374,128,60,9,0,67
1375,101,63,31,0,81
1376,119,38,35,0,60
1377,133,52,30,0,71
1378,112,31,29,0,2
1379,126,60,26,0,13
1380,87,63,28,0,1
1381,35,81,31,0,26
1382,31,50,42,0,34
1383,86,75,40,0,22
1384,103,92,53,0,77
1385,144,63,49,7,101
1386,167,78,54,19,112
1387,87,32,58,0,95
1388,83,27,28,0,72
1389,92,48,41,0,131
1390,66,42,54,0,90
1391,45,58,52,0,108
1392,109,19,58,0,45
1393,81,0,53,0,8
1394,70,19,92,0,35
1395,55,20,78,1,58
1396,65,30,86,3,30
1397,90,0,67,0,23
1398,73,1,68,0,13
1399,45,2,89,0,29
1400,96,3,84,0,62
1401,83,14,76,10,39
1402,71,35,56,2,80
1403,99,40,68,6,44
1404,148,38,89,10,12
1405,151,33,84,0,57
1406,153,6,58,0,23
1407,183,0,46,1,0
1408,216,5,20,1,7
1409,214,0,39,2,21
1410,230,0,33,1,28
1411,231,13,80,0,43
1412,148,27,53,0,37
1413,138,0,62,0,24
1414,162,0,72,0,29
1415,202,1,83,0,11
1416,174,0,105,0,2
1417,116,0,77,0,16
1418,41,0,96,0,27
1419,79,0,81,1,46
1420,114,24,69,0,42
1421,38,27,85,0,48
1422,9,6,90,0,41
1423,33,0,70,5,39
1424,11,0,73,20,50
1425,9,0,65,0,52
1426,2,0,68,0,62
1427,0,3,64,0,75
1428,3,43,46,0,90
1429,54,36,50,0,112
1430,115,38,46,0,103
1431,144,37,45,0,79
1432,48,38,28,0,86
1433,38,44,19,0,115
1434,77,57,7,0,161
1435,41,91,30,0,191
1436,51,56,29,0,181
1437,67,76,2,0,168
1438,77,50,0,0,175
1439,74,52,3,0,163
1440,87,85,3,0,120
1441,60,26,0,0,65
1442,91,36,2,0,146
1443,113,44,25,0,112
1444,94,49,29,0,126
1445,107,59,36,0,93
1446,109,31,44,0,73
1447,132,8,67,0,38
1448,123,15,38,0,38
1449,123,30,7,0,42
1450,159,55,27,0,32
1451,195,85,52,0,53
1452,164,127,37,0,78
1453,139,158,55,0,125
1454,116,108,82,0,100
1455,79,91,60,0,91
1456,57,104,66,0,126
1457,66,93,96,0,82
1458,72,78,93,2,71
1459,85,61,106,0,64
1460,103,37,69,0,33
1461,59,31,61,0,27
1462,99,30,47,2,30
1463,77,35,74,13,27
1464,58,50,66,13,21
1465,45,42,59,1,16
1466,60,0,75,1,1
1467,102,0,90,2,0
1468,82,10,73,12,15
1469,120,14,63,14,29
1470,97,22,81,18,50
1471,85,68,72,4,54
1472,59,6,77,0,4
1473,64,40,80,0,8
1474,68,40,89,0,17
1475,46,18,75,0,5
1476,56,15,59,0,14
1477,42,32,51,0,56
1478,21,46,49,0,59
1479,23,7,35,0,70
1480,19,0,30,0,70
1481,2,31,11,0,109
1482,0,20,0,0,40
1483,0,5,5,0,0
1484,3,26,5,0,7
1485,1,57,0,0,59
1486,0,47,0,0,70
1487,0,63,0,0,47
1488,35,115,0,0,100
1489,64,167,1,0,83
1490,85,142,24,0,167
1491,64,140,4,0,166
1492,76,84,1,0,111
1493,98,56,0,0,53
1494,173,34,0,0,9
1495,161,25,11,0,27
1496,85,16,36,12,32
1497,138,27,50,11,36
1498,123,3,75,2,8
1499,148,0,71,0,0
1500,135,0,108,0,0
1501,148,0,102,0,0
1502,130,20,111,14,13
1503,166,31,94,11,44
1504,211,25,63,0,31
1505,223,14,65,0,36
1506,156,34,60,0,62
1507,167,46,84,0,62
1508,109,3,91,0,8
1509,136,19,104,1,26
1510,69,18,107,1,19
1511,37,19,105,12,30
1512,79,73,94,0,39
1513,76,54,105,0,1
1514,93,49,101,0,45
1515,109,56,45,0,53
1516,102,51,77,0,50
1517,89,35,38,0,37
1518,66,18,68,0,30
1519,58,11,58,0,74
1520,81,0,37,0,104
1521,74,1,34,0,104
1522,98,0,39,1,66
1523,57,0,10,0,95
1524,53,18,19,0,100
1525,26,0,30,0,104
1526,11,0,25,0,119
1527,16,0,1,0,82
1528,45,0,0,0,79
1529,20,14,8,0,115
1530,26,5,4,0,154
1531,22,45,4,0,177
1532,13,11,12,0,138
1533,53,16,9,0,102
1534,48,6,16,0,72
1535,94,25,0,0,75
1536,59,83,0,0,83
1537,94,96,1,2,54
1538,79,72,35,7,66
1539,94,62,23,0,98
1540,98,63,26,0,46
1541,91,30,30,0,31
1542,49,27,42,1,44
1543,48,39,48,0,73
1544,37,38,30,1,22
1545,38,84,16,0,135
1546,34,59,9,0,113
1547,42,31,29,0,84
1548,49,17,21,0,32
1549,11,2,36,0,18
1550,65,45,16,0,36
1551,66,46,30,0,48
1552,71,59,16,0,53
1553,4,50,26,2,40
1554,114,37,46,6,74
1555,72,45,80,1,103
1556,35,29,77,0,98
1557,58,54,42,8,64
1558,52,33,17,13,73
1559,85,11,33,30,15
1560,53,14,35,16,25
1561,26,15,39,30,28
1562,8,53,57,5,60
1563,17,43,30,0,64
1564,30,29,16,0,77
1565,22,32,11,0,132
1566,9,17,14,0,53
1567,17,0,28,0,5
1568,33,0,8,0,0
1569,75,0,0,0,0
1570,42,0,24,0,0
1571,47,0,26,0,0
1572,26,0,31,0,23
1573,1,2,30,0,45
1574,0,24,28,0,65
1575,0,46,2,0,78
1576,0,62,0,0,98
1577,20,19,0,0,70
1578,14,1,0,0,73
1579,61,0,21,0,59
1580,36,36,60,0,108
1581,34,17,46,0,93
1582,94,2,28,0,23
1583,94,0,55,0,42
1584,107,0,39,0,15
1585,105,0,29,0,2
1586,94,0,3,0,9
1587,75,1,0,0,12
1588,51,0,0,0,37
1589,83,5,9,0,58
1590,65,32,27,0,105
1591,42,4,37,0,33
1592,47,2,55,0,18
1593,16,6,48,0,84
1594,15,30,58,0,58
1595,40,85,41,0,96
1596,56,99,33,0,181
1597,75,101,33,0,170
1598,113,28,34,0,92
1599,72,0,41,0,39
1600,63,5,16,0,39
1601,61,18,18,0,75
1602,78,28,8,0,78
1603,23,46,24,0,125
1604,23,9,30,0,114
1605,13,7,34,0,91
1606,12,10,15,0,106
1607,35,11,6,0,82
1608,73,25,25,0,80
1609,81,35,38,0,55
1610,100,26,49,1,78
1611,48,36,20,0,136
1612,96,32,1,0,98
1613,129,10,10,0,50
1614,93,71,24,0,77
1615,84,74,24,0,129
1616,89,76,0,0,120
1617,77,74,0,0,129
1618,35,64,1,0,176
1619,14,84,0,0,141
1620,0,40,0,0,55
1621,28,58,0,0,134
1622,29,40,0,0,90
1623,76,27,0,0,64
1624,29,1,0,0,64
1625,8,0,0,0,79
1626,27,0,0,0,73
1627,49,0,0,0,60
1628,62,0,0,0,54
1629,64,0,4,0,65
1630,45,2,20,0,30
1631,84,0,30,0,54
1632,109,0,30,0,22
1633,156,3,7,0,14
1634,143,0,14,0,6
1635,125,8,35,0,18
1636,61,25,52,0,35
1637,10,30,32,0,84
1638,27,2,54,0,51
1639,17,0,98,0,72
1640,43,0,58,7,51
1641,14,3,69,0,44
1642,26,6,68,0,66
1643,75,4,77,0,42
1644,63,1,64,0,42
1645,83,0,41,10,33
1646,39,13,75,25,29
1647,19,0,78,31,47
1648,35,10,61,33,74
1649,63,46,28,30,81
1650,41,26,8,30,66
1651,57,44,17,31,130
1652,41,22,21,30,118
1653,67,64,26,37,124
1654,57,18,47,38,69
1655,46,45,60,5,117
1656,68,60,45,0,137
1657,64,10,73,0,102
1658,32,6,58,0,89
1659,24,3,64,1,95
1660,36,27,47,0,46
1661,18,25,48,0,36
1662,12,17,54,2,35
1663,38,23,67,1,51
1664,58,41,74,0,36
1665,57,57,63,0,43
1666,57,45,35,3,35
1667,24,52,51,16,61
1668,55,4,40,1,76
1669,83,0,51,1,57
1670,89,3,50,0,54
1671,116,15,29,0,92
1672,129,5,47,0,115
1673,164,33,37,2,143
1674,118,20,30,0,117
1675,98,0,7,1,121
1676,135,0,17,0,101
1677,121,0,6,0,87
1678,86,1,17,0,70
1679,54,18,16,0,91
1680,45,19,23,0,109
1681,35,21,38,0,139
1682,88,51,38,9,127
1683,53,51,40,9,141
1684,34,70,14,8,164
1685,42,68,0,0,103
1686,57,33,0,0,99
1687,79,12,0,0,69
1688,48,0,0,0,62
1689,79,0,1,0,50
1690,91,0,1,0,10
1691,118,28,1,0,60
1692,109,33,0,0,28
1693,80,15,0,0,44
1694,94,11,1,0,82
1695,81,59,1,0,210
1696,92,33,1,0,116
1697,91,26,0,0,95
1698,98,0,0,0,57
1699,123,0,6,0,93
1700,128,45,16,0,113
1701,178,69,46,0,76
1702,145,30,42,0,17
1703,205,42,31,0,41
1704,134,43,46,0,39
1705,122,23,67,0,34
1706,157,2,58,0,40
1707,168,6,53,3,76
1708,139,47,12,0,95
1709,109,58,11,0,143
1710,145,75,30,3,127
1711,143,85,56,9,114
1712,127,99,80,1,166
1713,85,32,89,4,115
1714,93,18,70,9,35
1715,107,21,74,23,37
1716,124,30,59,37,13
1717,78,72,56,25,35
1718,24,57,121,19,100
1719,27,83,108,4,37
1720,46,83,39,0,50
1721,87,97,20,0,53
1722,94,87,18,0,76
1723,121,102,10,0,71
1724,103,94,29,1,129
1725,75,65,37,0,73
1726,118,96,21,0,58
1727,114,35,52,2,68
1728,104,34,56,0,51
1729,91,44,38,0,142
1730,100,47,31,0,106
1731,136,3,30,0,23
1732,112,4,30,0,20
1733,109,1,25,0,30
1734,92,0,7,0,0
1735,102,7,0,0,20
1736,108,60,0,0,35
1737,104,17,0,0,8
1738,99,20,0,0,6
1739,29,23,1,0,18
1740,37,24,0,0,43
1741,134,38,4,0,74
1742,123,29,21,0,32
1743,83,30,3,0,42
1744,81,40,16,0,24
1745,110,29,12,0,20
1746,144,28,71,2,2
1747,74,8,61,1,20
1748,41,37,42,0,7
1749,40,26,56,1,12
1750,108,61,48,0,25
1751,69,12,33,3,22
1752,81,32,34,5,36
1753,61,36,38,3,35
1754,85,46,4,0,34
1755,42,73,0,0,69
1756,13,69,0,0,56
1757,83,51,1,0,53
1758,83,28,0,0,25
1759,107,30,0,0,5
1760,126,21,19,0,14
1761,77,42,19,0,9
1762,64,35,21,0,25
1763,40,43,49,1,39
1764,35,58,37,0,54
1765,67,52,30,0,54
1766,160,42,63,2,31
1767,106,35,82,6,48
1768,88,24,86,0,55
1769,62,0,47,1,5
1770,56,4,39,0,5
1771,22,8,48,0,31
1772,67,13,53,0,19
1773,105,0,57,0,1
1774,94,2,53,0,4
1775,100,0,60,0,5
1776,89,0,56,0,6
1777,70,0,50,0,30
1778,46,0,28,0,25
1779,94,0,13,0,30
1780,118,0,4,0,6
1781,56,15,8,0,31
1782,16,16,10,0,12
1783,61,16,13,0,4
1784,71,3,35,0,5
1785,70,1,30,0,2
1786,96,0,31,0,2
1787,143,0,20,0,1
1788,197,26,20,0,32
1789,150,16,23,0,31
1790,118,3,54,1,30
1791,128,0,75,0,26
1792,150,0,80,0,30
1793,173,0,71,1,41
1794,162,0,55,0,38
1795,147,13,52,0,16
1796,166,42,47,0,29
1797,155,29,32,0,28
1798,163,34,33,0,30
1799,146,19,30,0,30
1800,108,1,48,0,34
1801,67,12,51,0,41
1802,60,72,58,0,87
1803,22,29,55,0,33
1804,35,27,41,0,35
1805,37,14,58,0,46
1806,31,2,57,2,62
1807,39,0,20,0,81
1808,55,25,0,0,92
1809,58,18,0,0,102
1810,45,10,0,0,91
1811,17,1,0,0,70
1812,62,0,0,0,51
1813,35,0,0,4,1
1814,53,0,20,0,9
1815,15,7,39,1,0
1816,26,39,30,0,89
1817,33,36,19,0,111
1818,30,60,0,0,74
1819,30,26,26,0,27
1820,0,0,30,0,0
1821,50,0,32,0,2
1822,23,36,39,0,26
1823,26,40,18,0,80
1824,33,31,0,0,78
1825,1,14,0,0,54
1826,36,34,16,0,56
1827,81,20,15,0,100
1828,29,29,43,0,122
1829,56,22,31,1,50
1830,5,46,33,0,91
1831,17,34,36,0,60
1832,30,13,23,0,32
1833,13,1,0,0,35
1834,53,0,0,0,37
1835,53,4,0,0,47
1836,10,2,0,0,50
1837,2,19,0,0,68
1838,30,19,8,0,72
1839,31,11,26,0,78
1840,2,27,1,0,58
1841,6,56,0,0,57
1842,7,20,0,0,16
1843,17,7,2,0,8
1844,14,31,1,0,26
1845,3,57,1,0,112
1846,28,67,2,0,87
1847,65,16,10,0,33
1848,89,0,9,0,0
1849,86,7,11,0,21
1850,70,53,28,0,83
1851,70,27,30,0,21
1852,121,12,39,0,19
1853,93,0,50,1,17
1854,115,0,42,0,2
1855,101,0,50,1,0
1856,74,0,61,4,8
1857,49,21,49,0,23
1858,88,18,47,0,19
1859,34,27,57,1,13
1860,30,16,54,0,6
1861,1,46,30,0,54
1862,1,49,13,0,51
1863,2,19,0,0,14
1864,5,0,0,0,0
1865,1,0,0,0,0
1866,3,30,25,0,38
1867,1,27,16,0,39
1868,20,16,8,0,53
1869,29,29,3,0,40
1870,40,63,3,0,70
1871,46,60,0,0,56
1872,53,36,39,0,19
1873,39,47,22,0,51
1874,43,85,11,0,141
1875,23,80,27,0,126
1876,70,33,58,0,9
1877,66,9,66,0,1
1878,43,9,55,0,26
1879,8,55,48,0,103
1880,8,80,27,0,133
1881,8,56,42,0,88
1882,10,55,34,0,65
1883,38,30,46,0,20
1884,40,12,41,0,4
1885,11,32,71,0,2
1886,23,61,64,0,40
1887,56,56,40,1,48
1888,110,77,34,0,64
1889,39,85,6,0,83
1890,33,67,0,0,61
1891,45,22,3,0,27
1892,52,40,20,0,48
1893,27,33,46,1,136
1894,31,5,60,2,60
1895,19,0,66,2,46
1896,36,2,51,0,26
1897,51,0,7,0,11
1898,30,0,4,0,9
1899,44,0,1,0,5
1900,67,0,2,0,0
1901,20,8,8,0,14
1902,48,46,27,0,85
1903,70,62,35,1,95
1904,112,66,25,0,106
1905,133,23,18,0,24
1906,98,21,44,0,53
1907,88,0,47,5,3
1908,70,12,39,41,3
1909,123,52,19,49,12
1910,213,29,6,30,18
1911,128,34,12,32,35
1912,106,37,23,10,28
1913,141,30,3,0,33
1914,123,30,20,0,0
1915,117,21,34,0,2
1916,127,20,29,0,5
1917,97,56,33,0,44
1918,78,111,41,0,122
1919,87,80,45,0,120
1920,94,36,64,0,20
1921,94,0,57,0,1
1922,69,0,74,0,1
1923,94,17,49,22,14
1924,72,31,44,30,58
1925,44,30,26,23,41
1926,81,34,2,11,52
1927,80,2,21,3,17
1928,25,7,67,0,3
1929,31,20,68,0,1
1930,61,3,69,0,0
1931,34,1,62,13,0
1932,49,42,66,15,81
1933,58,30,62,3,34
1934,47,42,67,0,67
1935,104,34,60,6,75
1936,117,47,85,1,122
1937,80,60,78,16,58
1938,56,52,76,30,56
1939,77,20,105,11,73
1940,95,1,90,0,12
1941,95,0,53,1,4
1942,83,1,58,14,2
1943,65,11,51,7,45
1944,20,17,59,0,47
1945,4,30,26,0,31
1946,34,2,27,0,1
1947,35,23,22,0,37
1948,37,29,6,0,66
1949,11,19,1,0,43
1950,13,2,0,0,47
1951,36,19,29,0,52
1952,8,20,22,0,93
1953,56,31,3,0,71
1954,52,5,19,0,49
1955,37,9,30,0,19
1956,44,51,0,0,97
1957,48,12,1,0,39
1958,66,2,2,0,1
1959,54,0,5,0,15
1960,60,3,5,0,26
1961,41,15,0,0,6
1962,90,0,1,0,0
1963,104,10,10,0,1
1964,132,20,12,0,11
1965,130,27,11,0,38
1966,120,2,13,0,3
1967,130,0,7,0,0
1968,122,0,9,0,0
1969,110,9,26,0,10
1970,112,22,29,0,24
1971,150,0,30,0,0
1972,97,0,30,0,0
1973,57,11,37,0,1
1974,91,3,80,1,4
1975,93,0,86,2,16
1976,76,22,47,2,28
1977,72,31,28,0,49
1978,32,31,1,0,38
1979,75,11,42,0,4
1980,92,0,52,1,5
1981,44,1,31,1,3
1982,26,0,25,0,4
1983,41,0,30,0,5
1984,41,0,30,9,0
1985,34,0,26,6,27
1986,39,5,30,3,54
1987,29,22,23,6,73
1988,13,62,14,0,138
1989,45,42,0,0,50
1990,57,17,2,0,9
1991,9,1,7,0,0
1992,14,0,27,0,1
1993,57,1,9,0,30
1994,50,0,36,0,9
1995,62,1,51,0,0
1996,8,5,4,0,6
1997,7,0,4,0,5
1998,32,4,29,0,20
1999,17,16,31,0,55
2000,62,55,31,0,42
2001,41,56,40,0,98
2002,49,11,78,0,53
2003,28,4,89,1,36
2004,52,2,73,0,23
2005,48,8,67,0,47
2006,49,0,79,0,42
2007,48,12,83,1,51
2008,67,21,86,0,33
2009,49,7,39,0,15
2010,103,14,42,0,17
2011,62,20,39,0,45
2012,58,22,40,0,43
2013,42,35,49,0,54
2014,12,75,46,0,61
2015,12,14,86,2,43
2016,1,52,73,0,66
2017,10,63,73,0,120
2018,63,64,105,3,55
2019,29,60,68,0,93
2020,44,25,73,11,71
2021,66,39,45,1,20
2022,87,19,24,0,3
2023,94,0,0,0,0
2024,104,0,2,0,2
2025,73,0,14,0,18
2026,35,56,10,0,71
2027,18,158,2,0,238
2028,31,182,2,0,274
2029,66,108,0,0,218
2030,77,32,4,0,118
2031,67,12,11,0,39
2032,29,14,24,0,39
2033,66,47,16,0,64
2034,155,75,19,0,57
2035,118,67,34,14,27
2036,128,105,56,1,56
2037,126,86,33,8,75
2038,118,62,28,0,52
2039,79,8,24,7,52
2040,97,0,20,0,97
2041,55,0,17,4,62
2042,0,21,29,1,44
2043,17,37,3,0,69
2044,42,28,0,0,94
2045,31,0,0,0,62
2046,30,0,6,0,60
2047,61,10,8,0,32
2048,77,26,11,0,36
2049,70,29,17,0,33
2050,66,26,25,0,15
2051,52,3,32,0,0
2052,85,0,43,7,17
2053,39,0,52,1,40
2054,35,0,67,0,30
2055,24,3,43,0,35
2056,17,14,53,1,35
2057,35,52,38,0,81
2058,25,74,27,0,207
2059,53,43,39,0,130
2060,31,65,25,0,168
2061,22,70,29,0,146
2062,8,70,34,0,163
2063,7,56,30,1,148
2064,13,17,36,0,89
2065,66,37,34,0,71
2066,69,8,37,0,78
2067,53,2,38,0,111
2068,84,32,19,0,97
2069,80,30,22,0,115
2070,29,60,30,0,93
2071,44,27,30,0,86
2072,35,4,30,4,88
2073,19,7,26,11,77
2074,20,52,3,0,170
2075,25,64,0,0,78
2076,12,62,0,0,133
2077,1,87,0,0,157
2078,35,56,0,0,216
2079,22,68,0,0,244
2080,12,50,1,0,184
2081,13,8,39,0,89
2082,13,0,54,0,76
2083,24,43,30,0,121
2084,29,123,29,0,240
2085,24,124,16,0,229
2086,54,97,18,0,166
2087,55,60,20,0,77
2088,47,43,34,0,46
2089,64,55,50,0,61
2090,28,85,14,0,142
2091,8,55,10,0,190
2092,18,30,16,0,146
2093,39,15,26,0,110
2094,81,0,12,0,53
2095,80,7,1,0,48
2096,104,23,13,0,80
2097,44,22,29,0,77
2098,63,29,23,0,62
2099,88,47,10,0,52
2100,119,52,10,0,50
2101,113,60,10,0,69
2102,102,0,2,0,34
2103,102,27,11,0,59
2104,93,31,59,5,97
2105,107,40,50,0,100
2106,110,29,36,0,76
2107,105,1,46,0,14
2108,107,44,52,0,32
2109,153,46,27,0,61
2110,110,55,27,0,46
2111,115,46,3,0,71
2112,114,87,1,0,132
2113,85,143,0,0,137
2114,53,113,2,0,184
2115,82,80,0,0,93
2116,70,45,0,0,99
2117,65,52,0,0,147
2118,65,57,0,0,129
2119,58,24,0,0,134
2120,39,20,0,0,51
2121,89,21,0,0,120
2122,68,31,0,0,105
2123,35,8,0,0,40
2124,13,16,0,0,18
2125,28,41,1,0,24
2126,94,3,15,0,32
2127,56,0,27,0,36
2128,24,0,16,0,30
2129,76,0,5,0,32
2130,84,0,4,0,35
2131,46,0,25,0,42
2132,35,13,30,0,37
2133,30,25,30,0,58
2134,66,3,25,0,56
2135,55,0,6,0,38
2136,19,0,5,0,36
2137,4,8,27,1,38
2138,31,48,35,0,61
2139,85,24,30,0,81
2140,82,29,22,0,138
2141,51,18,16,0,155
2142,37,43,5,0,165
2143,38,43,16,0,125
2144,37,36,30,0,79
2145,20,13,29,0,32
2146,2,0,30,0,11
2147,0,6,30,0,29
2148,69,4,30,0,44
2149,74,0,33,1,30
2150,53,0,33,0,34
2151,16,0,30,0,29
2152,79,30,36,0,15
2153,26,54,17,0,89
2154,19,65,0,0,167
2155,8,76,8,0,168
2156,66,86,13,0,177
2157,92,53,56,2,145
2158,119,40,23,15,95
2159,113,52,12,2,123
2160,108,69,1,0,130
2161,69,54,22,0,121
2162,117,40,45,0,55
2163,54,8,53,0,17
2164,57,0,32,0,23
2165,31,0,35,0,27
2166,56,0,24,0,24
2167,51,4,30,0,9
2168,49,3,32,0,17
2169,84,11,58,0,0
2170,66,0,72,0,2
2171,43,0,58,0,0
2172,53,0,39,0,0
2173,21,14,36,0,20
2174,21,73,60,0,79
2175,20,60,68,0,46
2176,88,96,90,0,60
2177,95,126,64,0,101
2178,70,118,47,0,57
2179,63,96,30,0,42
2180,119,77,56,0,53
2181,59,91,74,0,89
2182,90,65,71,0,66
2183,71,93,56,0,124
2184,40,80,50,0,78
2185,31,67,38,0,49
2186,62,33,31,0,31
2187,96,31,14,1,21
2188,66,9,15,0,13
2189,59,37,21,0,37
2190,52,38,59,0,47
2191,29,29,46,0,60
2192,32,10,37,0,42
2193,30,12,33,0,66
2194,66,24,11,0,76
2195,68,25,6,0,70
2196,47,0,0,0,33
2197,29,0,0,0,37
2198,1,0,0,0,18
2199,0,8,0,0,6
2200,23,31,14,0,63
2201,59,39,38,1,104
2202,18,43,57,3,110
2203,2,30,15,0,92
2204,20,4,15,0,77
2205,6,0,5,0,68
2206,6,0,4,0,55
2207,8,0,1,0,64
2208,34,8,0,0,71
2209,28,28,1,0,100
2210,29,23,21,0,105
2211,4,26,3,0,105
2212,3,10,16,0,88
2213,3,0,17,0,67
2214,25,11,12,0,77
2215,27,30,0,0,107
2216,18,13,1,0,96
2217,30,0,7,0,76
2218,4,23,0,0,62
2219,17,46,0,0,45
2220,37,29,0,0,23
2221,41,44,0,0,43
2222,45,26,0,0,5
2223,62,28,0,0,13
2224,57,39,22,0,29
2225,56,25,32,0,1
2226,42,11,31,0,4
2227,69,26,38,0,3
2228,74,0,36,0,6
2229,83,0,49,0,0
2230,91,0,58,0,0
2231,54,6,59,0,0
2232,89,24,64,0,30
2233,71,11,73,0,7
2234,59,17,57,0,11
2235,43,58,71,0,57
2236,42,50,68,0,58
2237,100,9,81,0,16
2238,147,38,77,0,5
2239,163,42,58,0,7
2240,143,14,47,0,22
2241,76,2,37,0,96
2242,59,8,15,0,40
2243,53,17,27,0,29
2244,27,0,30,0,24
2245,46,0,45,0,35
2246,91,1,41,0,55
2247,82,7,66,0,44
2248,11,10,61,0,26
2249,99,28,62,0,23
2250,37,25,42,0,15
2251,35,8,71,0,44
2252,85,35,46,0,91
2253,105,88,9,0,103
2254,124,85,42,0,133
2255,54,41,84,0,90
2256,28,9,52,27,34
2257,51,32,39,26,48
2258,28,76,63,3,78
2259,44,97,84,4,112
2260,40,128,66,0,211
2261,142,87,95,6,145
2262,123,5,126,8,68
2263,112,0,139,12,49
2264,190,3,145,9,49
2265,130,54,103,2,68
2266,98,107,73,0,157
2267,114,126,54,0,187
2268,136,116,95,6,139
2269,118,66,113,0,37
2270,103,80,93,0,64
2271,108,80,128,0,41
2272,119,110,114,0,17
2273,94,99,100,0,19
2274,52,111,51,1,35
2275,62,100,61,0,125
2276,71,83,77,0,46
2277,76,32,78,0,27
2278,96,35,46,0,14
2279,107,31,33,0,55
2280,136,30,31,0,65
2281,65,39,35,0,64
2282,51,35,37,0,43
2283,29,32,30,0,48
2284,11,76,30,0,80
2285,41,48,11,0,39
2286,112,31,34,0,32
2287,84,13,53,0,15
2288,100,31,37,0,27
2289,101,40,54,0,42
2290,70,95,52,0,122
2291,53,123,61,0,165
2292,37,116,72,0,151
2293,26,130,55,1,117
2294,75,51,61,0,40
2295,129,28,58,0,62
2296,78,38,54,0,94
2297,56,60,62,0,109
2298,87,52,99,0,58
2299,99,31,74,0,82
2300,120,34,83,0,78
2301,105,58,59,7,60
2302,52,49,46,9,92
2303,31,28,29,7,87
2304,12,33,29,0,97
2305,2,17,20,1,94
2306,0,12,5,0,57
2307,9,2,13,0,38
2308,0,22,31,0,30
2309,0,3,49,0,95
2310,0,0,33,0,93
2311,27,0,36,0,85
2312,7,0,28,0,92
2313,11,22,27,0,117
2314,34,34,21,0,163
2315,18,30,6,0,148
2316,12,36,2,0,158
2317,54,22,8,0,131
2318,86,25,46,0,80
2319,138,15,51,0,33
2320,93,3,43,3,52
2321,25,0,37,1,37
2322,16,20,46,0,32
2323,60,0,53,0,9
2324,53,1,87,2,1
2325,55,3,74,0,13
2326,132,3,46,4,17
2327,36,0,64,0,45
2328,18,3,66,0,16
2329,7,35,77,0,76
2330,27,34,83,1,89
2331,75,57,82,0,42
2332,88,41,97,0,57
2333,76,33,129,0,31
2334,79,9,138,0,29
2335,76,1,125,0,29
2336,89,0,134,0,4
2337,141,0,84,0,0
2338,139,1,85,0,0
2339,115,7,63,0,0
2340,120,50,43,0,31
2341,187,78,53,0,90
2342,142,76,48,0,99
2343,61,32,63,1,29
2344,79,10,88,2,15
2345,9,0,41,1,23
2346,20,10,31,0,34
2347,84,31,74,0,51
2348,41,33,94,0,38
2349,79,32,101,2,36
2350,63,36,93,2,31
2351,64,39,92,0,63
2352,11,18,86,0,38
2353,2,76,50,0,97
2354,0,49,60,0,92
2355,47,19,49,0,48
2356,12,12,34,1,55
2357,30,0,30,4,56
2358,24,0,33,0,95
2359,14,2,59,0,60
2360,47,23,44,0,30
2361,82,58,30,0,83
2362,49,63,29,0,78
2363,54,42,22,0,58
2364,51,13,34,8,8
2365,29,31,38,11,15
2366,69,27,53,8,45
2367,54,83,44,0,78
2368,64,54,61,0,14
2369,76,20,92,1,29
2370,36,20,68,0,81
2371,42,53,84,0,108
2372,55,24,73,3,51
2373,61,28,80,5,30
2374,57,28,68,5,18
2375,80,9,47,0,0
2376,66,32,67,0,6
2377,55,23,75,0,10
2378,61,0,47,0,14
2379,83,0,62,0,0
2380,101,1,53,0,1
2381,83,15,60,0,19
2382,64,31,60,1,29
2383,44,8,60,10,16
2384,76,64,44,26,47
2385,81,123,47,29,75
2386,103,115,52,8,72
2387,59,129,51,0,79
2388,46,85,39,0,51
2389,62,29,14,0,30
2390,81,16,21,0,9
2391,54,3,42,0,1
2392,92,18,18,1,16
2393,52,69,3,0,101
2394,40,56,23,0,53
2395,94,27,28,1,17
2396,78,72,12,0,100
2397,62,66,40,0,84
2398,47,39,5,0,30
2399,53,14,19,0,33
2400,49,0,34,0,9
2401,36,0,52,0,0
2402,33,1,62,0,3
2403,32,6,61,0,26
2404,83,20,37,1,42
2405,74,23,43,0,92
2406,22,28,77,0,110
2407,33,11,35,0,104
2408,63,3,64,0,68
2409,36,33,74,0,47
2410,30,61,73,1,42
2411,50,63,66,2,76
2412,37,68,57,8,94
2413,60,90,64,4,79
2414,54,62,76,21,87
2415,28,83,58,10,107
2416,35,92,65,0,99
2417,47,149,65,0,180
